filepath,label,source,fold
dataset\horn\horn_horn (1)_000.wav,horn,horn (1).mp3,2
dataset\horn\horn_horn (10)_000.wav,horn,horn (10).mp3,3
dataset\horn\horn_horn (10)_001.wav,horn,horn (10).mp3,3
dataset\horn\horn_horn (10)_002.wav,horn,horn (10).mp3,3
dataset\horn\horn_horn (10)_000.wav,horn,horn (10).wav,3
dataset\horn\horn_horn (103)_000.wav,horn,horn (103).wav,1
dataset\horn\horn_horn (104)_000.wav,horn,horn (104).wav,4
dataset\horn\horn_horn (105)_000.wav,horn,horn (105).wav,1
dataset\horn\horn_horn (106)_000.wav,horn,horn (106).wav,4
dataset\horn\horn_horn (107)_000.wav,horn,horn (107).wav,1
dataset\horn\horn_horn (108)_000.wav,horn,horn (108).wav,3
dataset\horn\horn_horn (109)_000.wav,horn,horn (109).wav,3
dataset\horn\horn_horn (11)_000.wav,horn,horn (11).mp3,2
dataset\horn\horn_horn (11)_001.wav,horn,horn (11).mp3,2
dataset\horn\horn_horn (11)_002.wav,horn,horn (11).mp3,2
dataset\horn\horn_horn (11)_003.wav,horn,horn (11).mp3,2
dataset\horn\horn_horn (11)_000.wav,horn,horn (11).wav,2
dataset\horn\horn_horn (110)_000.wav,horn,horn (110).wav,2
dataset\horn\horn_horn (111)_000.wav,horn,horn (111).wav,2
dataset\horn\horn_horn (112)_000.wav,horn,horn (112).wav,1
dataset\horn\horn_horn (113)_000.wav,horn,horn (113).wav,3
dataset\horn\horn_horn (114)_000.wav,horn,horn (114).wav,2
dataset\horn\horn_horn (115)_000.wav,horn,horn (115).wav,3
dataset\horn\horn_horn (116)_000.wav,horn,horn (116).wav,2
dataset\horn\horn_horn (118)_000.wav,horn,horn (118).wav,2
dataset\horn\horn_horn (12)_000.wav,horn,horn (12).wav,3
dataset\horn\horn_horn (127)_000.wav,horn,horn (127).wav,2
dataset\horn\horn_horn (128)_000.wav,horn,horn (128).wav,2
dataset\horn\horn_horn (129)_000.wav,horn,horn (129).wav,2
dataset\horn\horn_horn (13)_000.wav,horn,horn (13).mp3,1
dataset\horn\horn_horn (13)_000.wav,horn,horn (13).wav,1
dataset\horn\horn_horn (130)_000.wav,horn,horn (130).wav,4
dataset\horn\horn_horn (131)_000.wav,horn,horn (131).wav,1
dataset\horn\horn_horn (132)_000.wav,horn,horn (132).wav,2
dataset\horn\horn_horn (133)_000.wav,horn,horn (133).wav,0
dataset\horn\horn_horn (134)_000.wav,horn,horn (134).wav,1
dataset\horn\horn_horn (135)_000.wav,horn,horn (135).wav,3
dataset\horn\horn_horn (136)_000.wav,horn,horn (136).wav,3
dataset\horn\horn_horn (137)_000.wav,horn,horn (137).wav,4
dataset\horn\horn_horn (138)_000.wav,horn,horn (138).wav,1
dataset\horn\horn_horn (139)_000.wav,horn,horn (139).wav,0
dataset\horn\horn_horn (14)_000.wav,horn,horn (14).wav,3
dataset\horn\horn_horn (140)_000.wav,horn,horn (140).wav,4
dataset\horn\horn_horn (146)_000.wav,horn,horn (146).wav,2
dataset\horn\horn_horn (15)_000.wav,horn,horn (15).mp3,4
dataset\horn\horn_horn (15)_001.wav,horn,horn (15).mp3,4
dataset\horn\horn_horn (15)_000.wav,horn,horn (15).wav,4
dataset\horn\horn_horn (155)_000.wav,horn,horn (155).wav,0
dataset\horn\horn_horn (157)_000.wav,horn,horn (157).wav,0
dataset\horn\horn_horn (16)_000.wav,horn,horn (16).wav,3
dataset\horn\horn_horn (162)_000.wav,horn,horn (162).wav,2
dataset\horn\horn_horn (163)_000.wav,horn,horn (163).wav,4
dataset\horn\horn_horn (164)_000.wav,horn,horn (164).wav,0
dataset\horn\horn_horn (165)_000.wav,horn,horn (165).wav,4
dataset\horn\horn_horn (166)_000.wav,horn,horn (166).wav,0
dataset\horn\horn_horn (17)_000.wav,horn,horn (17).wav,3
dataset\horn\horn_horn (170)_000.wav,horn,horn (170).wav,1
dataset\horn\horn_horn (171)_000.wav,horn,horn (171).wav,2
dataset\horn\horn_horn (173)_000.wav,horn,horn (173).wav,1
dataset\horn\horn_horn (174)_000.wav,horn,horn (174).wav,4
dataset\horn\horn_horn (175)_000.wav,horn,horn (175).wav,0
dataset\horn\horn_horn (176)_000.wav,horn,horn (176).wav,1
dataset\horn\horn_horn (177)_000.wav,horn,horn (177).wav,0
dataset\horn\horn_horn (178)_000.wav,horn,horn (178).wav,3
dataset\horn\horn_horn (179)_000.wav,horn,horn (179).wav,4
dataset\horn\horn_horn (18)_000.wav,horn,horn (18).wav,3
dataset\horn\horn_horn (180)_000.wav,horn,horn (180).wav,0
dataset\horn\horn_horn (181)_000.wav,horn,horn (181).wav,4
dataset\horn\horn_horn (188)_000.wav,horn,horn (188).wav,1
dataset\horn\horn_horn (189)_000.wav,horn,horn (189).wav,0
dataset\horn\horn_horn (19)_000.wav,horn,horn (19).mp3,0
dataset\horn\horn_horn (19)_000.wav,horn,horn (19).wav,0
dataset\horn\horn_horn (190)_000.wav,horn,horn (190).wav,1
dataset\horn\horn_horn (191)_000.wav,horn,horn (191).wav,1
dataset\horn\horn_horn (192)_000.wav,horn,horn (192).wav,2
dataset\horn\horn_horn (193)_000.wav,horn,horn (193).wav,1
dataset\horn\horn_horn (194)_000.wav,horn,horn (194).wav,2
dataset\horn\horn_horn (195)_000.wav,horn,horn (195).wav,2
dataset\horn\horn_horn (196)_000.wav,horn,horn (196).wav,3
dataset\horn\horn_horn (197)_000.wav,horn,horn (197).wav,2
dataset\horn\horn_horn (198)_000.wav,horn,horn (198).wav,4
dataset\horn\horn_horn (199)_000.wav,horn,horn (199).wav,4
dataset\horn\horn_horn (2)_000.wav,horn,horn (2).mp3,4
dataset\horn\horn_horn (20)_000.wav,horn,horn (20).wav,3
dataset\horn\horn_horn (200)_000.wav,horn,horn (200).wav,3
dataset\horn\horn_horn (201)_000.wav,horn,horn (201).wav,3
dataset\horn\horn_horn (202)_000.wav,horn,horn (202).wav,0
dataset\horn\horn_horn (203)_000.wav,horn,horn (203).wav,4
dataset\horn\horn_horn (204)_000.wav,horn,horn (204).wav,1
dataset\horn\horn_horn (205)_000.wav,horn,horn (205).wav,2
dataset\horn\horn_horn (206)_000.wav,horn,horn (206).wav,3
dataset\horn\horn_horn (207)_000.wav,horn,horn (207).wav,4
dataset\horn\horn_horn (208)_000.wav,horn,horn (208).wav,3
dataset\horn\horn_horn (209)_000.wav,horn,horn (209).wav,2
dataset\horn\horn_horn (21)_000.wav,horn,horn (21).wav,3
dataset\horn\horn_horn (210)_000.wav,horn,horn (210).wav,3
dataset\horn\horn_horn (211)_000.wav,horn,horn (211).wav,0
dataset\horn\horn_horn (212)_000.wav,horn,horn (212).wav,3
dataset\horn\horn_horn (213)_000.wav,horn,horn (213).wav,3
dataset\horn\horn_horn (214)_000.wav,horn,horn (214).wav,2
dataset\horn\horn_horn (215)_000.wav,horn,horn (215).wav,1
dataset\horn\horn_horn (216)_000.wav,horn,horn (216).wav,4
dataset\horn\horn_horn (217)_000.wav,horn,horn (217).wav,1
dataset\horn\horn_horn (218)_000.wav,horn,horn (218).wav,4
dataset\horn\horn_horn (219)_000.wav,horn,horn (219).wav,3
dataset\horn\horn_horn (22)_000.wav,horn,horn (22).wav,3
dataset\horn\horn_horn (220)_000.wav,horn,horn (220).wav,4
dataset\horn\horn_horn (221)_000.wav,horn,horn (221).wav,4
dataset\horn\horn_horn (222)_000.wav,horn,horn (222).wav,4
dataset\horn\horn_horn (223)_000.wav,horn,horn (223).wav,0
dataset\horn\horn_horn (224)_000.wav,horn,horn (224).wav,1
dataset\horn\horn_horn (225)_000.wav,horn,horn (225).wav,1
dataset\horn\horn_horn (226)_000.wav,horn,horn (226).wav,4
dataset\horn\horn_horn (227)_000.wav,horn,horn (227).wav,1
dataset\horn\horn_horn (228)_000.wav,horn,horn (228).wav,2
dataset\horn\horn_horn (229)_000.wav,horn,horn (229).wav,2
dataset\horn\horn_horn (23)_000.wav,horn,horn (23).mp3,2
dataset\horn\horn_horn (23)_000.wav,horn,horn (23).wav,2
dataset\horn\horn_horn (230)_000.wav,horn,horn (230).wav,2
dataset\horn\horn_horn (231)_000.wav,horn,horn (231).wav,0
dataset\horn\horn_horn (232)_000.wav,horn,horn (232).wav,1
dataset\horn\horn_horn (233)_000.wav,horn,horn (233).wav,4
dataset\horn\horn_horn (234)_000.wav,horn,horn (234).wav,4
dataset\horn\horn_horn (235)_000.wav,horn,horn (235).wav,2
dataset\horn\horn_horn (236)_000.wav,horn,horn (236).wav,3
dataset\horn\horn_horn (237)_000.wav,horn,horn (237).wav,1
dataset\horn\horn_horn (238)_000.wav,horn,horn (238).wav,2
dataset\horn\horn_horn (239)_000.wav,horn,horn (239).wav,0
dataset\horn\horn_horn (24)_000.wav,horn,horn (24).mp3,0
dataset\horn\horn_horn (24)_000.wav,horn,horn (24).wav,0
dataset\horn\horn_horn (240)_000.wav,horn,horn (240).wav,0
dataset\horn\horn_horn (241)_000.wav,horn,horn (241).wav,3
dataset\horn\horn_horn (242)_000.wav,horn,horn (242).wav,0
dataset\horn\horn_horn (243)_000.wav,horn,horn (243).wav,2
dataset\horn\horn_horn (244)_000.wav,horn,horn (244).wav,0
dataset\horn\horn_horn (245)_000.wav,horn,horn (245).wav,0
dataset\horn\horn_horn (246)_000.wav,horn,horn (246).wav,4
dataset\horn\horn_horn (247)_000.wav,horn,horn (247).wav,3
dataset\horn\horn_horn (248)_000.wav,horn,horn (248).wav,2
dataset\horn\horn_horn (249)_000.wav,horn,horn (249).wav,1
dataset\horn\horn_horn (25)_000.wav,horn,horn (25).mp3,3
dataset\horn\horn_horn (25)_001.wav,horn,horn (25).mp3,3
dataset\horn\horn_horn (25)_000.wav,horn,horn (25).wav,3
dataset\horn\horn_horn (250)_000.wav,horn,horn (250).wav,0
dataset\horn\horn_horn (251)_000.wav,horn,horn (251).wav,0
dataset\horn\horn_horn (252)_000.wav,horn,horn (252).wav,2
dataset\horn\horn_horn (253)_000.wav,horn,horn (253).wav,0
dataset\horn\horn_horn (254)_000.wav,horn,horn (254).wav,3
dataset\horn\horn_horn (255)_000.wav,horn,horn (255).wav,1
dataset\horn\horn_horn (256)_000.wav,horn,horn (256).wav,3
dataset\horn\horn_horn (257)_000.wav,horn,horn (257).wav,3
dataset\horn\horn_horn (258)_000.wav,horn,horn (258).wav,1
dataset\horn\horn_horn (259)_000.wav,horn,horn (259).wav,1
dataset\horn\horn_horn (26)_000.wav,horn,horn (26).wav,1
dataset\horn\horn_horn (260)_000.wav,horn,horn (260).wav,3
dataset\horn\horn_horn (261)_000.wav,horn,horn (261).wav,3
dataset\horn\horn_horn (262)_000.wav,horn,horn (262).wav,2
dataset\horn\horn_horn (263)_000.wav,horn,horn (263).wav,4
dataset\horn\horn_horn (264)_000.wav,horn,horn (264).wav,3
dataset\horn\horn_horn (265)_000.wav,horn,horn (265).wav,4
dataset\horn\horn_horn (266)_000.wav,horn,horn (266).wav,1
dataset\horn\horn_horn (267)_000.wav,horn,horn (267).wav,1
dataset\horn\horn_horn (268)_000.wav,horn,horn (268).wav,2
dataset\horn\horn_horn (269)_000.wav,horn,horn (269).wav,1
dataset\horn\horn_horn (27)_000.wav,horn,horn (27).mp3,2
dataset\horn\horn_horn (27)_000.wav,horn,horn (27).wav,2
dataset\horn\horn_horn (271)_000.wav,horn,horn (271).wav,0
dataset\horn\horn_horn (272)_000.wav,horn,horn (272).wav,4
dataset\horn\horn_horn (273)_000.wav,horn,horn (273).wav,1
dataset\horn\horn_horn (274)_000.wav,horn,horn (274).wav,4
dataset\horn\horn_horn (275)_000.wav,horn,horn (275).wav,4
dataset\horn\horn_horn (276)_000.wav,horn,horn (276).wav,3
dataset\horn\horn_horn (277)_000.wav,horn,horn (277).wav,4
dataset\horn\horn_horn (278)_000.wav,horn,horn (278).wav,2
dataset\horn\horn_horn (279)_000.wav,horn,horn (279).wav,1
dataset\horn\horn_horn (28)_000.wav,horn,horn (28).mp3,0
dataset\horn\horn_horn (28)_000.wav,horn,horn (28).wav,0
dataset\horn\horn_horn (284)_000.wav,horn,horn (284).wav,2
dataset\horn\horn_horn (29)_000.wav,horn,horn (29).mp3,4
dataset\horn\horn_horn (29)_001.wav,horn,horn (29).mp3,4
dataset\horn\horn_horn (29)_002.wav,horn,horn (29).mp3,4
dataset\horn\horn_horn (29)_003.wav,horn,horn (29).mp3,4
dataset\horn\horn_horn (29)_000.wav,horn,horn (29).wav,4
dataset\horn\horn_horn (30)_000.wav,horn,horn (30).wav,1
dataset\horn\horn_horn (300)_000.wav,horn,horn (300).wav,0
dataset\horn\horn_horn (301)_000.wav,horn,horn (301).wav,4
dataset\horn\horn_horn (302)_000.wav,horn,horn (302).wav,1
dataset\horn\horn_horn (303)_000.wav,horn,horn (303).wav,0
dataset\horn\horn_horn (304)_000.wav,horn,horn (304).wav,0
dataset\horn\horn_horn (306)_000.wav,horn,horn (306).wav,2
dataset\horn\horn_horn (307)_000.wav,horn,horn (307).wav,2
dataset\horn\horn_horn (308)_000.wav,horn,horn (308).wav,3
dataset\horn\horn_horn (31)_000.wav,horn,horn (31).mp3,0
dataset\horn\horn_horn (31)_000.wav,horn,horn (31).wav,0
dataset\horn\horn_horn (32)_000.wav,horn,horn (32).mp3,1
dataset\horn\horn_horn (32)_000.wav,horn,horn (32).wav,1
dataset\horn\horn_horn (326)_000.wav,horn,horn (326).wav,3
dataset\horn\horn_horn (327)_000.wav,horn,horn (327).wav,1
dataset\horn\horn_horn (328)_000.wav,horn,horn (328).wav,2
dataset\horn\horn_horn (329)_000.wav,horn,horn (329).wav,3
dataset\horn\horn_horn (33)_000.wav,horn,horn (33).wav,4
dataset\horn\horn_horn (330)_000.wav,horn,horn (330).wav,1
dataset\horn\horn_horn (331)_000.wav,horn,horn (331).wav,3
dataset\horn\horn_horn (332)_000.wav,horn,horn (332).wav,2
dataset\horn\horn_horn (333)_000.wav,horn,horn (333).wav,3
dataset\horn\horn_horn (334)_000.wav,horn,horn (334).wav,0
dataset\horn\horn_horn (34)_000.wav,horn,horn (34).mp3,2
dataset\horn\horn_horn (34)_001.wav,horn,horn (34).mp3,2
dataset\horn\horn_horn (34)_002.wav,horn,horn (34).mp3,2
dataset\horn\horn_horn (34)_000.wav,horn,horn (34).wav,2
dataset\horn\horn_horn (342)_000.wav,horn,horn (342).wav,2
dataset\horn\horn_horn (343)_000.wav,horn,horn (343).wav,4
dataset\horn\horn_horn (35)_000.wav,horn,horn (35).mp3,3
dataset\horn\horn_horn (35)_001.wav,horn,horn (35).mp3,3
dataset\horn\horn_horn (35)_000.wav,horn,horn (35).wav,3
dataset\horn\horn_horn (36)_000.wav,horn,horn (36).mp3,2
dataset\horn\horn_horn (36)_000.wav,horn,horn (36).wav,2
dataset\horn\horn_horn (368)_000.wav,horn,horn (368).wav,4
dataset\horn\horn_horn (37)_000.wav,horn,horn (37).wav,4
dataset\horn\horn_horn (38)_000.wav,horn,horn (38).wav,2
dataset\horn\horn_horn (386)_000.wav,horn,horn (386).wav,3
dataset\horn\horn_horn (39)_000.wav,horn,horn (39).mp3,3
dataset\horn\horn_horn (39)_000.wav,horn,horn (39).wav,3
dataset\horn\horn_horn (40)_000.wav,horn,horn (40).wav,3
dataset\horn\horn_horn (41)_000.wav,horn,horn (41).wav,3
dataset\horn\horn_horn (42)_000.wav,horn,horn (42).wav,2
dataset\horn\horn_horn (423)_000.wav,horn,horn (423).wav,0
dataset\horn\horn_horn (429)_000.wav,horn,horn (429).wav,1
dataset\horn\horn_horn (43)_000.wav,horn,horn (43).wav,3
dataset\horn\horn_horn (439)_000.wav,horn,horn (439).wav,4
dataset\horn\horn_horn (44)_000.wav,horn,horn (44).wav,2
dataset\horn\horn_horn (445)_000.wav,horn,horn (445).wav,3
dataset\horn\horn_horn (446)_000.wav,horn,horn (446).wav,4
dataset\horn\horn_horn (447)_000.wav,horn,horn (447).wav,3
dataset\horn\horn_horn (449)_000.wav,horn,horn (449).wav,1
dataset\horn\horn_horn (45)_000.wav,horn,horn (45).wav,1
dataset\horn\horn_horn (453)_000.wav,horn,horn (453).wav,1
dataset\horn\horn_horn (454)_000.wav,horn,horn (454).wav,2
dataset\horn\horn_horn (455)_000.wav,horn,horn (455).wav,3
dataset\horn\horn_horn (456)_000.wav,horn,horn (456).wav,2
dataset\horn\horn_horn (458)_000.wav,horn,horn (458).wav,1
dataset\horn\horn_horn (459)_000.wav,horn,horn (459).wav,3
dataset\horn\horn_horn (46)_000.wav,horn,horn (46).wav,3
dataset\horn\horn_horn (460)_000.wav,horn,horn (460).wav,2
dataset\horn\horn_horn (461)_000.wav,horn,horn (461).wav,0
dataset\horn\horn_horn (462)_000.wav,horn,horn (462).wav,3
dataset\horn\horn_horn (463)_000.wav,horn,horn (463).wav,0
dataset\horn\horn_horn (464)_000.wav,horn,horn (464).wav,0
dataset\horn\horn_horn (465)_000.wav,horn,horn (465).wav,4
dataset\horn\horn_horn (466)_000.wav,horn,horn (466).wav,2
dataset\horn\horn_horn (467)_000.wav,horn,horn (467).wav,0
dataset\horn\horn_horn (468)_000.wav,horn,horn (468).wav,3
dataset\horn\horn_horn (469)_000.wav,horn,horn (469).wav,4
dataset\horn\horn_horn (47)_000.wav,horn,horn (47).wav,3
dataset\horn\horn_horn (470)_000.wav,horn,horn (470).wav,2
dataset\horn\horn_horn (471)_000.wav,horn,horn (471).wav,1
dataset\horn\horn_horn (472)_000.wav,horn,horn (472).wav,2
dataset\horn\horn_horn (473)_000.wav,horn,horn (473).wav,4
dataset\horn\horn_horn (474)_000.wav,horn,horn (474).wav,2
dataset\horn\horn_horn (475)_000.wav,horn,horn (475).wav,4
dataset\horn\horn_horn (476)_000.wav,horn,horn (476).wav,1
dataset\horn\horn_horn (48)_000.wav,horn,horn (48).wav,4
dataset\horn\horn_horn (49)_000.wav,horn,horn (49).wav,4
dataset\horn\horn_horn (52)_000.wav,horn,horn (52).wav,0
dataset\horn\horn_horn (53)_000.wav,horn,horn (53).wav,1
dataset\horn\horn_horn (54)_000.wav,horn,horn (54).wav,0
dataset\horn\horn_horn (55)_000.wav,horn,horn (55).wav,1
dataset\horn\horn_horn (56)_000.wav,horn,horn (56).wav,1
dataset\horn\horn_horn (57)_000.wav,horn,horn (57).wav,0
dataset\horn\horn_horn (58)_000.wav,horn,horn (58).wav,0
dataset\horn\horn_horn (59)_000.wav,horn,horn (59).wav,4
dataset\horn\horn_horn (60)_000.wav,horn,horn (60).wav,4
dataset\horn\horn_horn (61)_000.wav,horn,horn (61).wav,4
dataset\horn\horn_horn (62)_000.wav,horn,horn (62).wav,3
dataset\horn\horn_horn (63)_000.wav,horn,horn (63).wav,0
dataset\horn\horn_horn (64)_000.wav,horn,horn (64).wav,3
dataset\horn\horn_horn (65)_000.wav,horn,horn (65).wav,0
dataset\horn\horn_horn (66)_000.wav,horn,horn (66).wav,2
dataset\horn\horn_horn (67)_000.wav,horn,horn (67).wav,3
dataset\horn\horn_horn (68)_000.wav,horn,horn (68).wav,0
dataset\horn\horn_horn (69)_000.wav,horn,horn (69).wav,1
dataset\horn\horn_horn (7)_000.wav,horn,horn (7).mp3,3
dataset\horn\horn_horn (70)_000.wav,horn,horn (70).wav,0
dataset\horn\horn_horn (71)_000.wav,horn,horn (71).wav,3
dataset\horn\horn_horn (72)_000.wav,horn,horn (72).wav,0
dataset\horn\horn_horn (73)_000.wav,horn,horn (73).wav,1
dataset\horn\horn_horn (74)_000.wav,horn,horn (74).wav,2
dataset\horn\horn_horn (75)_000.wav,horn,horn (75).wav,3
dataset\horn\horn_horn (76)_000.wav,horn,horn (76).wav,4
dataset\horn\horn_horn (77)_000.wav,horn,horn (77).wav,2
dataset\horn\horn_horn (78)_000.wav,horn,horn (78).wav,3
dataset\horn\horn_horn (79)_000.wav,horn,horn (79).wav,2
dataset\horn\horn_horn (80)_000.wav,horn,horn (80).wav,4
dataset\horn\horn_horn (81)_000.wav,horn,horn (81).wav,0
dataset\horn\horn_horn (82)_000.wav,horn,horn (82).wav,4
dataset\horn\horn_horn (83)_000.wav,horn,horn (83).wav,3
dataset\horn\horn_horn (84)_000.wav,horn,horn (84).wav,0
dataset\horn\horn_horn (85)_000.wav,horn,horn (85).wav,3
dataset\horn\horn_horn (86)_000.wav,horn,horn (86).wav,4
dataset\horn\horn_horn (87)_000.wav,horn,horn (87).wav,0
dataset\horn\horn_horn (88)_000.wav,horn,horn (88).wav,0
dataset\horn\horn_horn (89)_000.wav,horn,horn (89).wav,2
dataset\horn\horn_horn (9)_000.wav,horn,horn (9).mp3,0
dataset\siren\siren_ambulance_sound_1_000.wav,siren,ambulance_sound_1.wav,3
dataset\siren\siren_ambulance_sound_10_000.wav,siren,ambulance_sound_10.wav,0
dataset\siren\siren_ambulance_sound_100_000.wav,siren,ambulance_sound_100.wav,3
dataset\siren\siren_ambulance_sound_101_000.wav,siren,ambulance_sound_101.wav,4
dataset\siren\siren_ambulance_sound_102_000.wav,siren,ambulance_sound_102.wav,1
dataset\siren\siren_ambulance_sound_103_000.wav,siren,ambulance_sound_103.wav,4
dataset\siren\siren_ambulance_sound_104_000.wav,siren,ambulance_sound_104.wav,2
dataset\siren\siren_ambulance_sound_105_000.wav,siren,ambulance_sound_105.wav,3
dataset\siren\siren_ambulance_sound_106_000.wav,siren,ambulance_sound_106.wav,1
dataset\siren\siren_ambulance_sound_107_000.wav,siren,ambulance_sound_107.wav,1
dataset\siren\siren_ambulance_sound_108_000.wav,siren,ambulance_sound_108.wav,1
dataset\siren\siren_ambulance_sound_109_000.wav,siren,ambulance_sound_109.wav,0
dataset\siren\siren_ambulance_sound_11_000.wav,siren,ambulance_sound_11.wav,4
dataset\siren\siren_ambulance_sound_110_000.wav,siren,ambulance_sound_110.wav,0
dataset\siren\siren_ambulance_sound_111_000.wav,siren,ambulance_sound_111.wav,0
dataset\siren\siren_ambulance_sound_112_000.wav,siren,ambulance_sound_112.wav,0
dataset\siren\siren_ambulance_sound_113_000.wav,siren,ambulance_sound_113.wav,3
dataset\siren\siren_ambulance_sound_114_000.wav,siren,ambulance_sound_114.wav,1
dataset\siren\siren_ambulance_sound_115_000.wav,siren,ambulance_sound_115.wav,0
dataset\siren\siren_ambulance_sound_116_000.wav,siren,ambulance_sound_116.wav,1
dataset\siren\siren_ambulance_sound_117_000.wav,siren,ambulance_sound_117.wav,1
dataset\siren\siren_ambulance_sound_118_000.wav,siren,ambulance_sound_118.wav,3
dataset\siren\siren_ambulance_sound_119_000.wav,siren,ambulance_sound_119.wav,2
dataset\siren\siren_ambulance_sound_12_000.wav,siren,ambulance_sound_12.wav,1
dataset\siren\siren_ambulance_sound_120_000.wav,siren,ambulance_sound_120.wav,4
dataset\siren\siren_ambulance_sound_121_000.wav,siren,ambulance_sound_121.wav,1
dataset\siren\siren_ambulance_sound_122_000.wav,siren,ambulance_sound_122.wav,1
dataset\siren\siren_ambulance_sound_123_000.wav,siren,ambulance_sound_123.wav,1
dataset\siren\siren_ambulance_sound_124_000.wav,siren,ambulance_sound_124.wav,2
dataset\siren\siren_ambulance_sound_125_000.wav,siren,ambulance_sound_125.wav,0
dataset\siren\siren_ambulance_sound_126_000.wav,siren,ambulance_sound_126.wav,4
dataset\siren\siren_ambulance_sound_127_000.wav,siren,ambulance_sound_127.wav,1
dataset\siren\siren_ambulance_sound_128_000.wav,siren,ambulance_sound_128.wav,3
dataset\siren\siren_ambulance_sound_129_000.wav,siren,ambulance_sound_129.wav,2
dataset\siren\siren_ambulance_sound_13_000.wav,siren,ambulance_sound_13.wav,4
dataset\siren\siren_ambulance_sound_130_000.wav,siren,ambulance_sound_130.wav,1
dataset\siren\siren_ambulance_sound_131_000.wav,siren,ambulance_sound_131.wav,4
dataset\siren\siren_ambulance_sound_132_000.wav,siren,ambulance_sound_132.wav,3
dataset\siren\siren_ambulance_sound_133_000.wav,siren,ambulance_sound_133.wav,2
dataset\siren\siren_ambulance_sound_134_000.wav,siren,ambulance_sound_134.wav,0
dataset\siren\siren_ambulance_sound_135_000.wav,siren,ambulance_sound_135.wav,2
dataset\siren\siren_ambulance_sound_136_000.wav,siren,ambulance_sound_136.wav,0
dataset\siren\siren_ambulance_sound_137_000.wav,siren,ambulance_sound_137.wav,3
dataset\siren\siren_ambulance_sound_138_000.wav,siren,ambulance_sound_138.wav,0
dataset\siren\siren_ambulance_sound_139_000.wav,siren,ambulance_sound_139.wav,3
dataset\siren\siren_ambulance_sound_14_000.wav,siren,ambulance_sound_14.wav,4
dataset\siren\siren_ambulance_sound_140_000.wav,siren,ambulance_sound_140.wav,1
dataset\siren\siren_ambulance_sound_141_000.wav,siren,ambulance_sound_141.wav,0
dataset\siren\siren_ambulance_sound_142_000.wav,siren,ambulance_sound_142.wav,1
dataset\siren\siren_ambulance_sound_143_000.wav,siren,ambulance_sound_143.wav,1
dataset\siren\siren_ambulance_sound_144_000.wav,siren,ambulance_sound_144.wav,0
dataset\siren\siren_ambulance_sound_145_000.wav,siren,ambulance_sound_145.wav,4
dataset\siren\siren_ambulance_sound_146_000.wav,siren,ambulance_sound_146.wav,1
dataset\siren\siren_ambulance_sound_147_000.wav,siren,ambulance_sound_147.wav,1
dataset\siren\siren_ambulance_sound_148_000.wav,siren,ambulance_sound_148.wav,0
dataset\siren\siren_ambulance_sound_149_000.wav,siren,ambulance_sound_149.wav,0
dataset\siren\siren_ambulance_sound_15_000.wav,siren,ambulance_sound_15.wav,3
dataset\siren\siren_ambulance_sound_150_000.wav,siren,ambulance_sound_150.wav,0
dataset\siren\siren_ambulance_sound_151_000.wav,siren,ambulance_sound_151.wav,0
dataset\siren\siren_ambulance_sound_152_000.wav,siren,ambulance_sound_152.wav,1
dataset\siren\siren_ambulance_sound_153_000.wav,siren,ambulance_sound_153.wav,3
dataset\siren\siren_ambulance_sound_154_000.wav,siren,ambulance_sound_154.wav,1
dataset\siren\siren_ambulance_sound_155_000.wav,siren,ambulance_sound_155.wav,3
dataset\siren\siren_ambulance_sound_156_000.wav,siren,ambulance_sound_156.wav,4
dataset\siren\siren_ambulance_sound_157_000.wav,siren,ambulance_sound_157.wav,0
dataset\siren\siren_ambulance_sound_158_000.wav,siren,ambulance_sound_158.wav,1
dataset\siren\siren_ambulance_sound_159_000.wav,siren,ambulance_sound_159.wav,1
dataset\siren\siren_ambulance_sound_16_000.wav,siren,ambulance_sound_16.wav,4
dataset\siren\siren_ambulance_sound_160_000.wav,siren,ambulance_sound_160.wav,0
dataset\siren\siren_ambulance_sound_161_000.wav,siren,ambulance_sound_161.wav,1
dataset\siren\siren_ambulance_sound_162_000.wav,siren,ambulance_sound_162.wav,0
dataset\siren\siren_ambulance_sound_163_000.wav,siren,ambulance_sound_163.wav,2
dataset\siren\siren_ambulance_sound_164_000.wav,siren,ambulance_sound_164.wav,0
dataset\siren\siren_ambulance_sound_165_000.wav,siren,ambulance_sound_165.wav,4
dataset\siren\siren_ambulance_sound_166_000.wav,siren,ambulance_sound_166.wav,0
dataset\siren\siren_ambulance_sound_167_000.wav,siren,ambulance_sound_167.wav,0
dataset\siren\siren_ambulance_sound_168_000.wav,siren,ambulance_sound_168.wav,0
dataset\siren\siren_ambulance_sound_169_000.wav,siren,ambulance_sound_169.wav,1
dataset\siren\siren_ambulance_sound_17_000.wav,siren,ambulance_sound_17.wav,1
dataset\siren\siren_ambulance_sound_170_000.wav,siren,ambulance_sound_170.wav,0
dataset\siren\siren_ambulance_sound_171_000.wav,siren,ambulance_sound_171.wav,2
dataset\siren\siren_ambulance_sound_172_000.wav,siren,ambulance_sound_172.wav,2
dataset\siren\siren_ambulance_sound_173_000.wav,siren,ambulance_sound_173.wav,4
dataset\siren\siren_ambulance_sound_174_000.wav,siren,ambulance_sound_174.wav,3
dataset\siren\siren_ambulance_sound_175_000.wav,siren,ambulance_sound_175.wav,0
dataset\siren\siren_ambulance_sound_176_000.wav,siren,ambulance_sound_176.wav,4
dataset\siren\siren_ambulance_sound_177_000.wav,siren,ambulance_sound_177.wav,0
dataset\siren\siren_ambulance_sound_178_000.wav,siren,ambulance_sound_178.wav,1
dataset\siren\siren_ambulance_sound_179_000.wav,siren,ambulance_sound_179.wav,3
dataset\siren\siren_ambulance_sound_18_000.wav,siren,ambulance_sound_18.wav,1
dataset\siren\siren_ambulance_sound_180_000.wav,siren,ambulance_sound_180.wav,4
dataset\siren\siren_ambulance_sound_181_000.wav,siren,ambulance_sound_181.wav,2
dataset\siren\siren_ambulance_sound_182_000.wav,siren,ambulance_sound_182.wav,0
dataset\siren\siren_ambulance_sound_183_000.wav,siren,ambulance_sound_183.wav,2
dataset\siren\siren_ambulance_sound_184_000.wav,siren,ambulance_sound_184.wav,3
dataset\siren\siren_ambulance_sound_185_000.wav,siren,ambulance_sound_185.wav,0
dataset\siren\siren_ambulance_sound_186_000.wav,siren,ambulance_sound_186.wav,2
dataset\siren\siren_ambulance_sound_187_000.wav,siren,ambulance_sound_187.wav,1
dataset\siren\siren_ambulance_sound_188_000.wav,siren,ambulance_sound_188.wav,2
dataset\siren\siren_ambulance_sound_189_000.wav,siren,ambulance_sound_189.wav,1
dataset\siren\siren_ambulance_sound_19_000.wav,siren,ambulance_sound_19.wav,2
dataset\siren\siren_ambulance_sound_190_000.wav,siren,ambulance_sound_190.wav,4
dataset\siren\siren_ambulance_sound_191_000.wav,siren,ambulance_sound_191.wav,0
dataset\siren\siren_ambulance_sound_192_000.wav,siren,ambulance_sound_192.wav,0
dataset\siren\siren_ambulance_sound_193_000.wav,siren,ambulance_sound_193.wav,0
dataset\siren\siren_ambulance_sound_194_000.wav,siren,ambulance_sound_194.wav,0
dataset\siren\siren_ambulance_sound_195_000.wav,siren,ambulance_sound_195.wav,1
dataset\siren\siren_ambulance_sound_196_000.wav,siren,ambulance_sound_196.wav,1
dataset\siren\siren_ambulance_sound_197_000.wav,siren,ambulance_sound_197.wav,4
dataset\siren\siren_ambulance_sound_198_000.wav,siren,ambulance_sound_198.wav,3
dataset\siren\siren_ambulance_sound_199_000.wav,siren,ambulance_sound_199.wav,2
dataset\siren\siren_ambulance_sound_2_000.wav,siren,ambulance_sound_2.wav,1
dataset\siren\siren_ambulance_sound_20_000.wav,siren,ambulance_sound_20.wav,0
dataset\siren\siren_ambulance_sound_200_000.wav,siren,ambulance_sound_200.wav,1
dataset\siren\siren_ambulance_sound_21_000.wav,siren,ambulance_sound_21.wav,1
dataset\siren\siren_ambulance_sound_22_000.wav,siren,ambulance_sound_22.wav,0
dataset\siren\siren_ambulance_sound_23_000.wav,siren,ambulance_sound_23.wav,0
dataset\siren\siren_ambulance_sound_24_000.wav,siren,ambulance_sound_24.wav,4
dataset\siren\siren_ambulance_sound_25_000.wav,siren,ambulance_sound_25.wav,4
dataset\siren\siren_ambulance_sound_26_000.wav,siren,ambulance_sound_26.wav,3
dataset\siren\siren_ambulance_sound_27_000.wav,siren,ambulance_sound_27.wav,4
dataset\siren\siren_ambulance_sound_28_000.wav,siren,ambulance_sound_28.wav,0
dataset\siren\siren_ambulance_sound_29_000.wav,siren,ambulance_sound_29.wav,1
dataset\siren\siren_ambulance_sound_3_000.wav,siren,ambulance_sound_3.wav,1
dataset\siren\siren_ambulance_sound_30_000.wav,siren,ambulance_sound_30.wav,4
dataset\siren\siren_ambulance_sound_31_000.wav,siren,ambulance_sound_31.wav,3
dataset\siren\siren_ambulance_sound_32_000.wav,siren,ambulance_sound_32.wav,1
dataset\siren\siren_ambulance_sound_33_000.wav,siren,ambulance_sound_33.wav,3
dataset\siren\siren_ambulance_sound_34_000.wav,siren,ambulance_sound_34.wav,3
dataset\siren\siren_ambulance_sound_35_000.wav,siren,ambulance_sound_35.wav,0
dataset\siren\siren_ambulance_sound_36_000.wav,siren,ambulance_sound_36.wav,3
dataset\siren\siren_ambulance_sound_37_000.wav,siren,ambulance_sound_37.wav,1
dataset\siren\siren_ambulance_sound_38_000.wav,siren,ambulance_sound_38.wav,2
dataset\siren\siren_ambulance_sound_39_000.wav,siren,ambulance_sound_39.wav,1
dataset\siren\siren_ambulance_sound_4_000.wav,siren,ambulance_sound_4.wav,1
dataset\siren\siren_ambulance_sound_40_000.wav,siren,ambulance_sound_40.wav,2
dataset\siren\siren_ambulance_sound_41_000.wav,siren,ambulance_sound_41.wav,0
dataset\siren\siren_ambulance_sound_42_000.wav,siren,ambulance_sound_42.wav,1
dataset\siren\siren_ambulance_sound_43_000.wav,siren,ambulance_sound_43.wav,0
dataset\siren\siren_ambulance_sound_44_000.wav,siren,ambulance_sound_44.wav,4
dataset\siren\siren_ambulance_sound_45_000.wav,siren,ambulance_sound_45.wav,1
dataset\siren\siren_ambulance_sound_46_000.wav,siren,ambulance_sound_46.wav,0
dataset\siren\siren_ambulance_sound_47_000.wav,siren,ambulance_sound_47.wav,0
dataset\siren\siren_ambulance_sound_48_000.wav,siren,ambulance_sound_48.wav,2
dataset\siren\siren_ambulance_sound_49_000.wav,siren,ambulance_sound_49.wav,3
dataset\siren\siren_ambulance_sound_5_000.wav,siren,ambulance_sound_5.wav,0
dataset\siren\siren_ambulance_sound_50_000.wav,siren,ambulance_sound_50.wav,1
dataset\siren\siren_ambulance_sound_51_000.wav,siren,ambulance_sound_51.wav,0
dataset\siren\siren_ambulance_sound_52_000.wav,siren,ambulance_sound_52.wav,4
dataset\siren\siren_ambulance_sound_53_000.wav,siren,ambulance_sound_53.wav,4
dataset\siren\siren_ambulance_sound_54_000.wav,siren,ambulance_sound_54.wav,3
dataset\siren\siren_ambulance_sound_55_000.wav,siren,ambulance_sound_55.wav,2
dataset\siren\siren_ambulance_sound_56_000.wav,siren,ambulance_sound_56.wav,4
dataset\siren\siren_ambulance_sound_57_000.wav,siren,ambulance_sound_57.wav,2
dataset\siren\siren_ambulance_sound_58_000.wav,siren,ambulance_sound_58.wav,2
dataset\siren\siren_ambulance_sound_59_000.wav,siren,ambulance_sound_59.wav,3
dataset\siren\siren_ambulance_sound_6_000.wav,siren,ambulance_sound_6.wav,3
dataset\siren\siren_ambulance_sound_60_000.wav,siren,ambulance_sound_60.wav,3
dataset\siren\siren_ambulance_sound_61_000.wav,siren,ambulance_sound_61.wav,0
dataset\siren\siren_ambulance_sound_62_000.wav,siren,ambulance_sound_62.wav,0
dataset\siren\siren_ambulance_sound_63_000.wav,siren,ambulance_sound_63.wav,1
dataset\siren\siren_ambulance_sound_64_000.wav,siren,ambulance_sound_64.wav,2
dataset\siren\siren_ambulance_sound_65_000.wav,siren,ambulance_sound_65.wav,3
dataset\siren\siren_ambulance_sound_66_000.wav,siren,ambulance_sound_66.wav,0
dataset\siren\siren_ambulance_sound_67_000.wav,siren,ambulance_sound_67.wav,2
dataset\siren\siren_ambulance_sound_68_000.wav,siren,ambulance_sound_68.wav,1
dataset\siren\siren_ambulance_sound_69_000.wav,siren,ambulance_sound_69.wav,4
dataset\siren\siren_ambulance_sound_7_000.wav,siren,ambulance_sound_7.wav,2
dataset\siren\siren_ambulance_sound_70_000.wav,siren,ambulance_sound_70.wav,4
dataset\siren\siren_ambulance_sound_71_000.wav,siren,ambulance_sound_71.wav,2
dataset\siren\siren_ambulance_sound_72_000.wav,siren,ambulance_sound_72.wav,1
dataset\siren\siren_ambulance_sound_73_000.wav,siren,ambulance_sound_73.wav,2
dataset\siren\siren_ambulance_sound_74_000.wav,siren,ambulance_sound_74.wav,4
dataset\siren\siren_ambulance_sound_75_000.wav,siren,ambulance_sound_75.wav,3
dataset\siren\siren_ambulance_sound_76_000.wav,siren,ambulance_sound_76.wav,3
dataset\siren\siren_ambulance_sound_77_000.wav,siren,ambulance_sound_77.wav,4
dataset\siren\siren_ambulance_sound_78_000.wav,siren,ambulance_sound_78.wav,0
dataset\siren\siren_ambulance_sound_79_000.wav,siren,ambulance_sound_79.wav,4
dataset\siren\siren_ambulance_sound_8_000.wav,siren,ambulance_sound_8.wav,2
dataset\siren\siren_ambulance_sound_80_000.wav,siren,ambulance_sound_80.wav,2
dataset\siren\siren_ambulance_sound_81_000.wav,siren,ambulance_sound_81.wav,2
dataset\siren\siren_ambulance_sound_82_000.wav,siren,ambulance_sound_82.wav,1
dataset\siren\siren_ambulance_sound_83_000.wav,siren,ambulance_sound_83.wav,2
dataset\siren\siren_ambulance_sound_84_000.wav,siren,ambulance_sound_84.wav,1
dataset\siren\siren_ambulance_sound_85_000.wav,siren,ambulance_sound_85.wav,1
dataset\siren\siren_ambulance_sound_86_000.wav,siren,ambulance_sound_86.wav,3
dataset\siren\siren_ambulance_sound_87_000.wav,siren,ambulance_sound_87.wav,0
dataset\siren\siren_ambulance_sound_88_000.wav,siren,ambulance_sound_88.wav,1
dataset\siren\siren_ambulance_sound_89_000.wav,siren,ambulance_sound_89.wav,0
dataset\siren\siren_ambulance_sound_9_000.wav,siren,ambulance_sound_9.wav,2
dataset\siren\siren_ambulance_sound_90_000.wav,siren,ambulance_sound_90.wav,2
dataset\siren\siren_ambulance_sound_91_000.wav,siren,ambulance_sound_91.wav,0
dataset\siren\siren_ambulance_sound_92_000.wav,siren,ambulance_sound_92.wav,2
dataset\siren\siren_ambulance_sound_93_000.wav,siren,ambulance_sound_93.wav,2
dataset\siren\siren_ambulance_sound_94_000.wav,siren,ambulance_sound_94.wav,2
dataset\siren\siren_ambulance_sound_95_000.wav,siren,ambulance_sound_95.wav,4
dataset\siren\siren_ambulance_sound_96_000.wav,siren,ambulance_sound_96.wav,0
dataset\siren\siren_ambulance_sound_97_000.wav,siren,ambulance_sound_97.wav,2
dataset\siren\siren_ambulance_sound_98_000.wav,siren,ambulance_sound_98.wav,2
dataset\siren\siren_ambulance_sound_99_000.wav,siren,ambulance_sound_99.wav,1
dataset\siren\siren_esc50_1-31482-A-42_000.wav,siren,esc50_1-31482-A-42.wav,2
dataset\siren\siren_esc50_1-31482-B-42_000.wav,siren,esc50_1-31482-B-42.wav,2
dataset\siren\siren_esc50_1-54084-A-42_000.wav,siren,esc50_1-54084-A-42.wav,3
dataset\siren\siren_esc50_1-76831-A-42_000.wav,siren,esc50_1-76831-A-42.wav,4
dataset\siren\siren_esc50_1-76831-B-42_000.wav,siren,esc50_1-76831-B-42.wav,1
dataset\siren\siren_esc50_1-76831-C-42_000.wav,siren,esc50_1-76831-C-42.wav,0
dataset\siren\siren_esc50_1-76831-D-42_000.wav,siren,esc50_1-76831-D-42.wav,0
dataset\siren\siren_esc50_1-76831-E-42_000.wav,siren,esc50_1-76831-E-42.wav,3
dataset\siren\siren_esc50_2-43802-A-42_000.wav,siren,esc50_2-43802-A-42.wav,0
dataset\siren\siren_esc50_2-43806-A-42_000.wav,siren,esc50_2-43806-A-42.wav,1
dataset\siren\siren_esc50_2-70052-A-42_000.wav,siren,esc50_2-70052-A-42.wav,0
dataset\siren\siren_esc50_2-70052-B-42_000.wav,siren,esc50_2-70052-B-42.wav,3
dataset\siren\siren_esc50_2-70936-A-42_000.wav,siren,esc50_2-70936-A-42.wav,1
dataset\siren\siren_esc50_2-70938-A-42_000.wav,siren,esc50_2-70938-A-42.wav,2
dataset\siren\siren_esc50_2-70939-A-42_000.wav,siren,esc50_2-70939-A-42.wav,0
dataset\siren\siren_esc50_2-72688-A-42_000.wav,siren,esc50_2-72688-A-42.wav,2
dataset\siren\siren_esc50_3-51376-A-42_000.wav,siren,esc50_3-51376-A-42.wav,0
dataset\siren\siren_esc50_3-51731-A-42_000.wav,siren,esc50_3-51731-A-42.wav,1
dataset\siren\siren_esc50_3-51731-B-42_000.wav,siren,esc50_3-51731-B-42.wav,2
dataset\siren\siren_esc50_3-51909-A-42_000.wav,siren,esc50_3-51909-A-42.wav,3
dataset\siren\siren_esc50_3-51909-B-42_000.wav,siren,esc50_3-51909-B-42.wav,4
dataset\siren\siren_esc50_3-58772-A-42_000.wav,siren,esc50_3-58772-A-42.wav,1
dataset\siren\siren_esc50_3-62878-A-42_000.wav,siren,esc50_3-62878-A-42.wav,3
dataset\siren\siren_esc50_3-62878-B-42_000.wav,siren,esc50_3-62878-B-42.wav,2
dataset\siren\siren_esc50_4-102871-A-42_000.wav,siren,esc50_4-102871-A-42.wav,0
dataset\siren\siren_esc50_4-111671-A-42_000.wav,siren,esc50_4-111671-A-42.wav,1
dataset\siren\siren_esc50_4-111671-B-42_000.wav,siren,esc50_4-111671-B-42.wav,4
dataset\siren\siren_esc50_4-121532-A-42_000.wav,siren,esc50_4-121532-A-42.wav,1
dataset\siren\siren_esc50_4-67358-A-42_000.wav,siren,esc50_4-67358-A-42.wav,4
dataset\siren\siren_esc50_4-80761-A-42_000.wav,siren,esc50_4-80761-A-42.wav,2
dataset\siren\siren_esc50_4-90014-A-42_000.wav,siren,esc50_4-90014-A-42.wav,1
dataset\siren\siren_esc50_4-90014-B-42_000.wav,siren,esc50_4-90014-B-42.wav,2
dataset\siren\siren_esc50_5-117118-A-42_000.wav,siren,esc50_5-117118-A-42.wav,2
dataset\siren\siren_esc50_5-117120-A-42_000.wav,siren,esc50_5-117120-A-42.wav,0
dataset\siren\siren_esc50_5-117122-A-42_000.wav,siren,esc50_5-117122-A-42.wav,1
dataset\siren\siren_esc50_5-133989-A-42_000.wav,siren,esc50_5-133989-A-42.wav,4
dataset\siren\siren_esc50_5-133989-B-42_000.wav,siren,esc50_5-133989-B-42.wav,3
dataset\siren\siren_esc50_5-150409-A-42_000.wav,siren,esc50_5-150409-A-42.wav,1
dataset\siren\siren_esc50_5-160551-A-42_000.wav,siren,esc50_5-160551-A-42.wav,3
dataset\siren\siren_esc50_5-184323-A-42_000.wav,siren,esc50_5-184323-A-42.wav,2
dataset\siren\siren_firetruck_sound_201_000.wav,siren,firetruck_sound_201.wav,2
dataset\siren\siren_firetruck_sound_202_000.wav,siren,firetruck_sound_202.wav,4
dataset\siren\siren_firetruck_sound_203_000.wav,siren,firetruck_sound_203.wav,4
dataset\siren\siren_firetruck_sound_204_000.wav,siren,firetruck_sound_204.wav,1
dataset\siren\siren_firetruck_sound_205_000.wav,siren,firetruck_sound_205.wav,4
dataset\siren\siren_firetruck_sound_206_000.wav,siren,firetruck_sound_206.wav,4
dataset\siren\siren_firetruck_sound_207_000.wav,siren,firetruck_sound_207.wav,0
dataset\siren\siren_firetruck_sound_208_000.wav,siren,firetruck_sound_208.wav,4
dataset\siren\siren_firetruck_sound_209_000.wav,siren,firetruck_sound_209.wav,2
dataset\siren\siren_firetruck_sound_210_000.wav,siren,firetruck_sound_210.wav,2
dataset\siren\siren_firetruck_sound_211_000.wav,siren,firetruck_sound_211.wav,2
dataset\siren\siren_firetruck_sound_212_000.wav,siren,firetruck_sound_212.wav,4
dataset\siren\siren_firetruck_sound_213_000.wav,siren,firetruck_sound_213.wav,1
dataset\siren\siren_firetruck_sound_214_000.wav,siren,firetruck_sound_214.wav,4
dataset\siren\siren_firetruck_sound_215_000.wav,siren,firetruck_sound_215.wav,2
dataset\siren\siren_firetruck_sound_216_000.wav,siren,firetruck_sound_216.wav,4
dataset\siren\siren_firetruck_sound_217_000.wav,siren,firetruck_sound_217.wav,4
dataset\siren\siren_firetruck_sound_218_000.wav,siren,firetruck_sound_218.wav,2
dataset\siren\siren_firetruck_sound_219_000.wav,siren,firetruck_sound_219.wav,3
dataset\siren\siren_firetruck_sound_220_000.wav,siren,firetruck_sound_220.wav,4
dataset\siren\siren_firetruck_sound_221_000.wav,siren,firetruck_sound_221.wav,3
dataset\siren\siren_firetruck_sound_222_000.wav,siren,firetruck_sound_222.wav,0
dataset\siren\siren_firetruck_sound_223_000.wav,siren,firetruck_sound_223.wav,2
dataset\siren\siren_firetruck_sound_224_000.wav,siren,firetruck_sound_224.wav,2
dataset\siren\siren_firetruck_sound_225_000.wav,siren,firetruck_sound_225.wav,2
dataset\siren\siren_firetruck_sound_226_000.wav,siren,firetruck_sound_226.wav,4
dataset\siren\siren_firetruck_sound_227_000.wav,siren,firetruck_sound_227.wav,4
dataset\siren\siren_firetruck_sound_228_000.wav,siren,firetruck_sound_228.wav,4
dataset\siren\siren_firetruck_sound_229_000.wav,siren,firetruck_sound_229.wav,4
dataset\siren\siren_firetruck_sound_230_000.wav,siren,firetruck_sound_230.wav,1
dataset\siren\siren_firetruck_sound_231_000.wav,siren,firetruck_sound_231.wav,3
dataset\siren\siren_firetruck_sound_232_000.wav,siren,firetruck_sound_232.wav,2
dataset\siren\siren_firetruck_sound_233_000.wav,siren,firetruck_sound_233.wav,3
dataset\siren\siren_firetruck_sound_234_000.wav,siren,firetruck_sound_234.wav,2
dataset\siren\siren_firetruck_sound_235_000.wav,siren,firetruck_sound_235.wav,4
dataset\siren\siren_firetruck_sound_236_000.wav,siren,firetruck_sound_236.wav,2
dataset\siren\siren_firetruck_sound_237_000.wav,siren,firetruck_sound_237.wav,3
dataset\siren\siren_firetruck_sound_238_000.wav,siren,firetruck_sound_238.wav,0
dataset\siren\siren_firetruck_sound_239_000.wav,siren,firetruck_sound_239.wav,3
dataset\siren\siren_firetruck_sound_240_000.wav,siren,firetruck_sound_240.wav,2
dataset\siren\siren_firetruck_sound_241_000.wav,siren,firetruck_sound_241.wav,0
dataset\siren\siren_firetruck_sound_242_000.wav,siren,firetruck_sound_242.wav,0
dataset\siren\siren_firetruck_sound_243_000.wav,siren,firetruck_sound_243.wav,2
dataset\siren\siren_firetruck_sound_244_000.wav,siren,firetruck_sound_244.wav,2
dataset\siren\siren_firetruck_sound_245_000.wav,siren,firetruck_sound_245.wav,4
dataset\siren\siren_firetruck_sound_246_000.wav,siren,firetruck_sound_246.wav,2
dataset\siren\siren_firetruck_sound_247_000.wav,siren,firetruck_sound_247.wav,4
dataset\siren\siren_firetruck_sound_248_000.wav,siren,firetruck_sound_248.wav,1
dataset\siren\siren_firetruck_sound_249_000.wav,siren,firetruck_sound_249.wav,0
dataset\siren\siren_firetruck_sound_250_000.wav,siren,firetruck_sound_250.wav,1
dataset\siren\siren_firetruck_sound_251_000.wav,siren,firetruck_sound_251.wav,2
dataset\siren\siren_firetruck_sound_252_000.wav,siren,firetruck_sound_252.wav,1
dataset\siren\siren_firetruck_sound_253_000.wav,siren,firetruck_sound_253.wav,3
dataset\siren\siren_firetruck_sound_254_000.wav,siren,firetruck_sound_254.wav,4
dataset\siren\siren_firetruck_sound_255_000.wav,siren,firetruck_sound_255.wav,4
dataset\siren\siren_firetruck_sound_256_000.wav,siren,firetruck_sound_256.wav,1
dataset\siren\siren_firetruck_sound_257_000.wav,siren,firetruck_sound_257.wav,0
dataset\siren\siren_firetruck_sound_258_000.wav,siren,firetruck_sound_258.wav,3
dataset\siren\siren_firetruck_sound_259_000.wav,siren,firetruck_sound_259.wav,3
dataset\siren\siren_firetruck_sound_260_000.wav,siren,firetruck_sound_260.wav,0
dataset\siren\siren_firetruck_sound_261_000.wav,siren,firetruck_sound_261.wav,4
dataset\siren\siren_firetruck_sound_262_000.wav,siren,firetruck_sound_262.wav,3
dataset\siren\siren_firetruck_sound_263_000.wav,siren,firetruck_sound_263.wav,1
dataset\siren\siren_firetruck_sound_264_000.wav,siren,firetruck_sound_264.wav,3
dataset\siren\siren_firetruck_sound_265_000.wav,siren,firetruck_sound_265.wav,2
dataset\siren\siren_firetruck_sound_266_000.wav,siren,firetruck_sound_266.wav,0
dataset\siren\siren_firetruck_sound_267_000.wav,siren,firetruck_sound_267.wav,1
dataset\siren\siren_firetruck_sound_268_000.wav,siren,firetruck_sound_268.wav,4
dataset\siren\siren_firetruck_sound_269_000.wav,siren,firetruck_sound_269.wav,3
dataset\siren\siren_firetruck_sound_270_000.wav,siren,firetruck_sound_270.wav,1
dataset\siren\siren_firetruck_sound_271_000.wav,siren,firetruck_sound_271.wav,2
dataset\siren\siren_firetruck_sound_272_000.wav,siren,firetruck_sound_272.wav,3
dataset\siren\siren_firetruck_sound_273_000.wav,siren,firetruck_sound_273.wav,4
dataset\siren\siren_firetruck_sound_274_000.wav,siren,firetruck_sound_274.wav,2
dataset\siren\siren_firetruck_sound_275_000.wav,siren,firetruck_sound_275.wav,2
dataset\siren\siren_firetruck_sound_276_000.wav,siren,firetruck_sound_276.wav,3
dataset\siren\siren_firetruck_sound_277_000.wav,siren,firetruck_sound_277.wav,4
dataset\siren\siren_firetruck_sound_278_000.wav,siren,firetruck_sound_278.wav,3
dataset\siren\siren_firetruck_sound_279_000.wav,siren,firetruck_sound_279.wav,3
dataset\siren\siren_firetruck_sound_280_000.wav,siren,firetruck_sound_280.wav,4
dataset\siren\siren_firetruck_sound_281_000.wav,siren,firetruck_sound_281.wav,4
dataset\siren\siren_firetruck_sound_282_000.wav,siren,firetruck_sound_282.wav,3
dataset\siren\siren_firetruck_sound_283_000.wav,siren,firetruck_sound_283.wav,4
dataset\siren\siren_firetruck_sound_284_000.wav,siren,firetruck_sound_284.wav,4
dataset\siren\siren_firetruck_sound_285_000.wav,siren,firetruck_sound_285.wav,0
dataset\siren\siren_firetruck_sound_286_000.wav,siren,firetruck_sound_286.wav,1
dataset\siren\siren_firetruck_sound_287_000.wav,siren,firetruck_sound_287.wav,0
dataset\siren\siren_firetruck_sound_288_000.wav,siren,firetruck_sound_288.wav,4
dataset\siren\siren_firetruck_sound_289_000.wav,siren,firetruck_sound_289.wav,1
dataset\siren\siren_firetruck_sound_290_000.wav,siren,firetruck_sound_290.wav,1
dataset\siren\siren_firetruck_sound_291_000.wav,siren,firetruck_sound_291.wav,1
dataset\siren\siren_firetruck_sound_292_000.wav,siren,firetruck_sound_292.wav,1
dataset\siren\siren_firetruck_sound_293_000.wav,siren,firetruck_sound_293.wav,3
dataset\siren\siren_firetruck_sound_294_000.wav,siren,firetruck_sound_294.wav,3
dataset\siren\siren_firetruck_sound_295_000.wav,siren,firetruck_sound_295.wav,1
dataset\siren\siren_firetruck_sound_296_000.wav,siren,firetruck_sound_296.wav,0
dataset\siren\siren_firetruck_sound_297_000.wav,siren,firetruck_sound_297.wav,2
dataset\siren\siren_firetruck_sound_298_000.wav,siren,firetruck_sound_298.wav,0
dataset\siren\siren_firetruck_sound_299_000.wav,siren,firetruck_sound_299.wav,2
dataset\siren\siren_firetruck_sound_300_000.wav,siren,firetruck_sound_300.wav,0
dataset\siren\siren_firetruck_sound_301_000.wav,siren,firetruck_sound_301.wav,0
dataset\siren\siren_firetruck_sound_302_000.wav,siren,firetruck_sound_302.wav,1
dataset\siren\siren_firetruck_sound_303_000.wav,siren,firetruck_sound_303.wav,2
dataset\siren\siren_firetruck_sound_304_000.wav,siren,firetruck_sound_304.wav,4
dataset\siren\siren_firetruck_sound_305_000.wav,siren,firetruck_sound_305.wav,3
dataset\siren\siren_firetruck_sound_306_000.wav,siren,firetruck_sound_306.wav,2
dataset\siren\siren_firetruck_sound_307_000.wav,siren,firetruck_sound_307.wav,4
dataset\siren\siren_firetruck_sound_308_000.wav,siren,firetruck_sound_308.wav,4
dataset\siren\siren_firetruck_sound_309_000.wav,siren,firetruck_sound_309.wav,2
dataset\siren\siren_firetruck_sound_310_000.wav,siren,firetruck_sound_310.wav,3
dataset\siren\siren_firetruck_sound_311_000.wav,siren,firetruck_sound_311.wav,2
dataset\siren\siren_firetruck_sound_312_000.wav,siren,firetruck_sound_312.wav,2
dataset\siren\siren_firetruck_sound_313_000.wav,siren,firetruck_sound_313.wav,3
dataset\siren\siren_firetruck_sound_314_000.wav,siren,firetruck_sound_314.wav,1
dataset\siren\siren_firetruck_sound_315_000.wav,siren,firetruck_sound_315.wav,3
dataset\siren\siren_firetruck_sound_316_000.wav,siren,firetruck_sound_316.wav,0
dataset\siren\siren_firetruck_sound_317_000.wav,siren,firetruck_sound_317.wav,3
dataset\siren\siren_firetruck_sound_318_000.wav,siren,firetruck_sound_318.wav,2
dataset\siren\siren_firetruck_sound_319_000.wav,siren,firetruck_sound_319.wav,4
dataset\siren\siren_firetruck_sound_320_000.wav,siren,firetruck_sound_320.wav,0
dataset\siren\siren_firetruck_sound_321_000.wav,siren,firetruck_sound_321.wav,0
dataset\siren\siren_firetruck_sound_322_000.wav,siren,firetruck_sound_322.wav,2
dataset\siren\siren_firetruck_sound_323_000.wav,siren,firetruck_sound_323.wav,1
dataset\siren\siren_firetruck_sound_324_000.wav,siren,firetruck_sound_324.wav,1
dataset\siren\siren_firetruck_sound_325_000.wav,siren,firetruck_sound_325.wav,1
dataset\siren\siren_firetruck_sound_326_000.wav,siren,firetruck_sound_326.wav,3
dataset\siren\siren_firetruck_sound_327_000.wav,siren,firetruck_sound_327.wav,3
dataset\siren\siren_firetruck_sound_328_000.wav,siren,firetruck_sound_328.wav,4
dataset\siren\siren_firetruck_sound_329_000.wav,siren,firetruck_sound_329.wav,1
dataset\siren\siren_firetruck_sound_330_000.wav,siren,firetruck_sound_330.wav,0
dataset\siren\siren_firetruck_sound_331_000.wav,siren,firetruck_sound_331.wav,0
dataset\siren\siren_firetruck_sound_332_000.wav,siren,firetruck_sound_332.wav,3
dataset\siren\siren_firetruck_sound_333_000.wav,siren,firetruck_sound_333.wav,4
dataset\siren\siren_firetruck_sound_334_000.wav,siren,firetruck_sound_334.wav,4
dataset\siren\siren_firetruck_sound_335_000.wav,siren,firetruck_sound_335.wav,4
dataset\siren\siren_firetruck_sound_336_000.wav,siren,firetruck_sound_336.wav,4
dataset\siren\siren_firetruck_sound_337_000.wav,siren,firetruck_sound_337.wav,2
dataset\siren\siren_firetruck_sound_338_000.wav,siren,firetruck_sound_338.wav,1
dataset\siren\siren_firetruck_sound_339_000.wav,siren,firetruck_sound_339.wav,2
dataset\siren\siren_firetruck_sound_340_000.wav,siren,firetruck_sound_340.wav,3
dataset\siren\siren_firetruck_sound_341_000.wav,siren,firetruck_sound_341.wav,3
dataset\siren\siren_firetruck_sound_342_000.wav,siren,firetruck_sound_342.wav,3
dataset\siren\siren_firetruck_sound_343_000.wav,siren,firetruck_sound_343.wav,0
dataset\siren\siren_firetruck_sound_344_000.wav,siren,firetruck_sound_344.wav,0
dataset\siren\siren_firetruck_sound_345_000.wav,siren,firetruck_sound_345.wav,2
dataset\siren\siren_firetruck_sound_346_000.wav,siren,firetruck_sound_346.wav,0
dataset\siren\siren_firetruck_sound_347_000.wav,siren,firetruck_sound_347.wav,1
dataset\siren\siren_firetruck_sound_348_000.wav,siren,firetruck_sound_348.wav,1
dataset\siren\siren_firetruck_sound_349_000.wav,siren,firetruck_sound_349.wav,3
dataset\siren\siren_firetruck_sound_350_000.wav,siren,firetruck_sound_350.wav,3
dataset\siren\siren_firetruck_sound_351_000.wav,siren,firetruck_sound_351.wav,3
dataset\siren\siren_firetruck_sound_352_000.wav,siren,firetruck_sound_352.wav,4
dataset\siren\siren_firetruck_sound_353_000.wav,siren,firetruck_sound_353.wav,0
dataset\siren\siren_firetruck_sound_354_000.wav,siren,firetruck_sound_354.wav,1
dataset\siren\siren_firetruck_sound_355_000.wav,siren,firetruck_sound_355.wav,3
dataset\siren\siren_firetruck_sound_356_000.wav,siren,firetruck_sound_356.wav,0
dataset\siren\siren_firetruck_sound_357_000.wav,siren,firetruck_sound_357.wav,4
dataset\siren\siren_firetruck_sound_358_000.wav,siren,firetruck_sound_358.wav,1
dataset\siren\siren_firetruck_sound_359_000.wav,siren,firetruck_sound_359.wav,4
dataset\siren\siren_firetruck_sound_360_000.wav,siren,firetruck_sound_360.wav,1
dataset\siren\siren_firetruck_sound_361_000.wav,siren,firetruck_sound_361.wav,0
dataset\siren\siren_firetruck_sound_362_000.wav,siren,firetruck_sound_362.wav,4
dataset\siren\siren_firetruck_sound_363_000.wav,siren,firetruck_sound_363.wav,1
dataset\siren\siren_firetruck_sound_364_000.wav,siren,firetruck_sound_364.wav,2
dataset\siren\siren_firetruck_sound_365_000.wav,siren,firetruck_sound_365.wav,2
dataset\siren\siren_firetruck_sound_366_000.wav,siren,firetruck_sound_366.wav,4
dataset\siren\siren_firetruck_sound_367_000.wav,siren,firetruck_sound_367.wav,1
dataset\siren\siren_firetruck_sound_368_000.wav,siren,firetruck_sound_368.wav,1
dataset\siren\siren_firetruck_sound_369_000.wav,siren,firetruck_sound_369.wav,4
dataset\siren\siren_firetruck_sound_370_000.wav,siren,firetruck_sound_370.wav,0
dataset\siren\siren_firetruck_sound_371_000.wav,siren,firetruck_sound_371.wav,3
dataset\siren\siren_firetruck_sound_372_000.wav,siren,firetruck_sound_372.wav,1
dataset\siren\siren_firetruck_sound_373_000.wav,siren,firetruck_sound_373.wav,3
dataset\siren\siren_firetruck_sound_374_000.wav,siren,firetruck_sound_374.wav,1
dataset\siren\siren_firetruck_sound_375_000.wav,siren,firetruck_sound_375.wav,1
dataset\siren\siren_firetruck_sound_376_000.wav,siren,firetruck_sound_376.wav,2
dataset\siren\siren_firetruck_sound_377_000.wav,siren,firetruck_sound_377.wav,3
dataset\siren\siren_firetruck_sound_378_000.wav,siren,firetruck_sound_378.wav,2
dataset\siren\siren_firetruck_sound_379_000.wav,siren,firetruck_sound_379.wav,1
dataset\siren\siren_firetruck_sound_380_000.wav,siren,firetruck_sound_380.wav,1
dataset\siren\siren_firetruck_sound_381_000.wav,siren,firetruck_sound_381.wav,3
dataset\siren\siren_firetruck_sound_382_000.wav,siren,firetruck_sound_382.wav,4
dataset\siren\siren_firetruck_sound_383_000.wav,siren,firetruck_sound_383.wav,2
dataset\siren\siren_firetruck_sound_384_000.wav,siren,firetruck_sound_384.wav,1
dataset\siren\siren_firetruck_sound_385_000.wav,siren,firetruck_sound_385.wav,2
dataset\siren\siren_firetruck_sound_386_000.wav,siren,firetruck_sound_386.wav,1
dataset\siren\siren_firetruck_sound_387_000.wav,siren,firetruck_sound_387.wav,2
dataset\siren\siren_firetruck_sound_388_000.wav,siren,firetruck_sound_388.wav,2
dataset\siren\siren_firetruck_sound_389_000.wav,siren,firetruck_sound_389.wav,1
dataset\siren\siren_firetruck_sound_390_000.wav,siren,firetruck_sound_390.wav,2
dataset\siren\siren_firetruck_sound_391_000.wav,siren,firetruck_sound_391.wav,1
dataset\siren\siren_firetruck_sound_392_000.wav,siren,firetruck_sound_392.wav,2
dataset\siren\siren_firetruck_sound_393_000.wav,siren,firetruck_sound_393.wav,2
dataset\siren\siren_firetruck_sound_394_000.wav,siren,firetruck_sound_394.wav,4
dataset\siren\siren_firetruck_sound_395_000.wav,siren,firetruck_sound_395.wav,4
dataset\siren\siren_firetruck_sound_396_000.wav,siren,firetruck_sound_396.wav,2
dataset\siren\siren_firetruck_sound_397_000.wav,siren,firetruck_sound_397.wav,1
dataset\siren\siren_firetruck_sound_398_000.wav,siren,firetruck_sound_398.wav,4
dataset\siren\siren_firetruck_sound_399_000.wav,siren,firetruck_sound_399.wav,4
dataset\siren\siren_firetruck_sound_400_000.wav,siren,firetruck_sound_400.wav,4
dataset\crash\crash_crash (1)_000.wav,crash,crash (1).mp3,2
dataset\crash\crash_crash (1)_000.wav,crash,crash (1).wav,2
dataset\crash\crash_crash (10)_000.wav,crash,crash (10).wav,1
dataset\crash\crash_crash (100)_000.wav,crash,crash (100).wav,0
dataset\crash\crash_crash (101)_000.wav,crash,crash (101).wav,1
dataset\crash\crash_crash (103)_000.wav,crash,crash (103).wav,2
dataset\crash\crash_crash (104)_000.wav,crash,crash (104).wav,2
dataset\crash\crash_crash (105)_000.wav,crash,crash (105).wav,1
dataset\crash\crash_crash (106)_000.wav,crash,crash (106).wav,4
dataset\crash\crash_crash (106)_001.wav,crash,crash (106).wav,4
dataset\crash\crash_crash (108)_000.wav,crash,crash (108).wav,1
dataset\crash\crash_crash (109)_000.wav,crash,crash (109).wav,1
dataset\crash\crash_crash (11)_000.wav,crash,crash (11).wav,0
dataset\crash\crash_crash (110)_000.wav,crash,crash (110).wav,0
dataset\crash\crash_crash (113)_000.wav,crash,crash (113).wav,4
dataset\crash\crash_crash (114)_000.wav,crash,crash (114).wav,0
dataset\crash\crash_crash (114)_001.wav,crash,crash (114).wav,0
dataset\crash\crash_crash (116)_000.wav,crash,crash (116).wav,2
dataset\crash\crash_crash (118)_000.wav,crash,crash (118).wav,2
dataset\crash\crash_crash (12)_000.wav,crash,crash (12).wav,4
dataset\crash\crash_crash (120)_000.wav,crash,crash (120).wav,4
dataset\crash\crash_crash (121)_000.wav,crash,crash (121).wav,1
dataset\crash\crash_crash (126)_000.wav,crash,crash (126).wav,4
dataset\crash\crash_crash (128)_000.wav,crash,crash (128).wav,1
dataset\crash\crash_crash (129)_000.wav,crash,crash (129).wav,1
dataset\crash\crash_crash (13)_000.wav,crash,crash (13).mp3,4
dataset\crash\crash_crash (13)_000.wav,crash,crash (13).wav,4
dataset\crash\crash_crash (130)_000.wav,crash,crash (130).wav,3
dataset\crash\crash_crash (14)_000.wav,crash,crash (14).mp3,3
dataset\crash\crash_crash (14)_000.wav,crash,crash (14).wav,3
dataset\crash\crash_crash (15)_000.wav,crash,crash (15).mp3,3
dataset\crash\crash_crash (15)_001.wav,crash,crash (15).mp3,3
dataset\crash\crash_crash (15)_000.wav,crash,crash (15).wav,3
dataset\crash\crash_crash (16)_000.wav,crash,crash (16).mp3,4
dataset\crash\crash_crash (16)_001.wav,crash,crash (16).mp3,4
dataset\crash\crash_crash (16)_000.wav,crash,crash (16).wav,4
dataset\crash\crash_crash (17)_000.wav,crash,crash (17).wav,4
dataset\crash\crash_crash (18)_000.wav,crash,crash (18).mp3,1
dataset\crash\crash_crash (18)_000.wav,crash,crash (18).wav,1
dataset\crash\crash_crash (19)_000.wav,crash,crash (19).wav,0
dataset\crash\crash_crash (2)_000.wav,crash,crash (2).wav,3
dataset\crash\crash_crash (20)_000.wav,crash,crash (20).wav,4
dataset\crash\crash_crash (21)_000.wav,crash,crash (21).mp3,3
dataset\crash\crash_crash (21)_000.wav,crash,crash (21).wav,3
dataset\crash\crash_crash (22)_000.wav,crash,crash (22).wav,0
dataset\crash\crash_crash (23)_000.wav,crash,crash (23).wav,4
dataset\crash\crash_crash (24)_000.wav,crash,crash (24).wav,3
dataset\crash\crash_crash (25)_000.wav,crash,crash (25).mp3,4
dataset\crash\crash_crash (25)_001.wav,crash,crash (25).mp3,4
dataset\crash\crash_crash (25)_002.wav,crash,crash (25).mp3,4
dataset\crash\crash_crash (25)_000.wav,crash,crash (25).wav,4
dataset\crash\crash_crash (26)_000.wav,crash,crash (26).mp3,1
dataset\crash\crash_crash (26)_001.wav,crash,crash (26).mp3,1
dataset\crash\crash_crash (26)_000.wav,crash,crash (26).wav,1
dataset\crash\crash_crash (27)_000.wav,crash,crash (27).mp3,1
dataset\crash\crash_crash (27)_000.wav,crash,crash (27).wav,1
dataset\crash\crash_crash (28)_000.wav,crash,crash (28).wav,4
dataset\crash\crash_crash (29)_000.wav,crash,crash (29).wav,4
dataset\crash\crash_crash (3)_000.wav,crash,crash (3).mp3,2
dataset\crash\crash_crash (3)_000.wav,crash,crash (3).wav,2
dataset\crash\crash_crash (30)_000.wav,crash,crash (30).wav,3
dataset\crash\crash_crash (31)_000.wav,crash,crash (31).mp3,2
dataset\crash\crash_crash (31)_001.wav,crash,crash (31).mp3,2
dataset\crash\crash_crash (31)_000.wav,crash,crash (31).wav,2
dataset\crash\crash_crash (32)_000.wav,crash,crash (32).wav,4
dataset\crash\crash_crash (33)_000.wav,crash,crash (33).wav,3
dataset\crash\crash_crash (34)_000.wav,crash,crash (34).wav,0
dataset\crash\crash_crash (35)_000.wav,crash,crash (35).wav,0
dataset\crash\crash_crash (36)_000.wav,crash,crash (36).wav,2
dataset\crash\crash_crash (37)_000.wav,crash,crash (37).wav,1
dataset\crash\crash_crash (38)_000.wav,crash,crash (38).wav,2
dataset\crash\crash_crash (39)_000.wav,crash,crash (39).wav,1
dataset\crash\crash_crash (4)_000.wav,crash,crash (4).wav,2
dataset\crash\crash_crash (40)_000.wav,crash,crash (40).wav,2
dataset\crash\crash_crash (41)_000.wav,crash,crash (41).wav,4
dataset\crash\crash_crash (45)_000.wav,crash,crash (45).wav,0
dataset\crash\crash_crash (46)_000.wav,crash,crash (46).mp3,0
dataset\crash\crash_crash (47)_000.wav,crash,crash (47).mp3,0
dataset\crash\crash_crash (49)_000.wav,crash,crash (49).mp3,4
dataset\crash\crash_crash (49)_001.wav,crash,crash (49).mp3,4
dataset\crash\crash_crash (5)_000.wav,crash,crash (5).wav,4
dataset\crash\crash_crash (50)_000.wav,crash,crash (50).wav,3
dataset\crash\crash_crash (51)_000.wav,crash,crash (51).mp3,3
dataset\crash\crash_crash (54)_000.wav,crash,crash (54).wav,2
dataset\crash\crash_crash (57)_000.wav,crash,crash (57).wav,4
dataset\crash\crash_crash (59)_000.wav,crash,crash (59).wav,2
dataset\crash\crash_crash (6)_000.wav,crash,crash (6).wav,1
dataset\crash\crash_crash (60)_000.wav,crash,crash (60).wav,1
dataset\crash\crash_crash (63)_000.wav,crash,crash (63).wav,4
dataset\crash\crash_crash (66)_000.wav,crash,crash (66).wav,2
dataset\crash\crash_crash (68)_000.wav,crash,crash (68).wav,1
dataset\crash\crash_crash (69)_000.wav,crash,crash (69).wav,0
dataset\crash\crash_crash (7)_000.wav,crash,crash (7).mp3,0
dataset\crash\crash_crash (7)_000.wav,crash,crash (7).wav,0
dataset\crash\crash_crash (74)_000.wav,crash,crash (74).wav,3
dataset\crash\crash_crash (75)_000.wav,crash,crash (75).wav,4
dataset\crash\crash_crash (76)_000.wav,crash,crash (76).wav,4
dataset\crash\crash_crash (78)_000.wav,crash,crash (78).wav,1
dataset\crash\crash_crash (8)_000.wav,crash,crash (8).wav,2
dataset\crash\crash_crash (82)_000.wav,crash,crash (82).wav,3
dataset\crash\crash_crash (83)_000.wav,crash,crash (83).wav,3
dataset\crash\crash_crash (85)_000.wav,crash,crash (85).wav,3
dataset\crash\crash_crash (87)_000.wav,crash,crash (87).wav,0
dataset\crash\crash_crash (88)_000.wav,crash,crash (88).wav,3
dataset\crash\crash_crash (89)_000.wav,crash,crash (89).wav,4
dataset\crash\crash_crash (89)_001.wav,crash,crash (89).wav,4
dataset\crash\crash_crash (9)_000.wav,crash,crash (9).wav,2
dataset\crash\crash_crash (92)_000.wav,crash,crash (92).wav,0
dataset\crash\crash_crash (93)_000.wav,crash,crash (93).wav,2
dataset\crash\crash_crash (95)_000.wav,crash,crash (95).wav,0
dataset\crash\crash_crash (96)_000.wav,crash,crash (96).wav,3
dataset\crash\crash_crash (98)_000.wav,crash,crash (98).wav,0
dataset\crash\crash_crash (99)_000.wav,crash,crash (99).wav,0
dataset\crash\crash_crash_01_000.wav,crash,crash_01.mp3,4
dataset\crash\crash_crash_02_000.wav,crash,crash_02.mp3,0
dataset\crash\crash_crash_03_000.wav,crash,crash_03.mp3,4
dataset\crash\crash_crash_04_000.wav,crash,crash_04.mp3,2
dataset\crash\crash_crash_05_000.wav,crash,crash_05.mp3,0
dataset\crash\crash_crash_06_000.wav,crash,crash_06.mp3,2
dataset\crash\crash_crash_07_000.wav,crash,crash_07.mp3,3
dataset\crash\crash_crash_07_001.wav,crash,crash_07.mp3,3
dataset\crash\crash_crash_07_002.wav,crash,crash_07.mp3,3
dataset\crash\crash_crash_07_003.wav,crash,crash_07.mp3,3
dataset\crash\crash_crash_10_000.wav,crash,crash_10.mp3,3
dataset\crash\crash_crash_101_000.wav,crash,crash_101.mp3,1
dataset\crash\crash_crash_103_000.wav,crash,crash_103.mp3,0
dataset\crash\crash_crash_104_000.wav,crash,crash_104.mp3,1
dataset\crash\crash_crash_109_000.wav,crash,crash_109.mp3,2
dataset\crash\crash_crash_109_001.wav,crash,crash_109.mp3,2
dataset\crash\crash_crash_109_002.wav,crash,crash_109.mp3,2
dataset\crash\crash_crash_109_003.wav,crash,crash_109.mp3,2
dataset\crash\crash_crash_110_000.wav,crash,crash_110.mp3,4
dataset\crash\crash_crash_12_000.wav,crash,crash_12.mp3,2
dataset\crash\crash_crash_13_000.wav,crash,crash_13.mp3,2
dataset\crash\crash_crash_14_000.wav,crash,crash_14.mp3,3
dataset\crash\crash_crash_15_000.wav,crash,crash_15.mp3,0
dataset\crash\crash_crash_16_000.wav,crash,crash_16.mp3,3
dataset\crash\crash_crash_17_000.wav,crash,crash_17.mp3,2
dataset\crash\crash_crash_18_000.wav,crash,crash_18.mp3,1
dataset\crash\crash_crash_19_000.wav,crash,crash_19.mp3,0
dataset\crash\crash_crash_21_000.wav,crash,crash_21.mp3,0
dataset\crash\crash_crash_22_000.wav,crash,crash_22.mp3,2
dataset\crash\crash_crash_23_000.wav,crash,crash_23.mp3,4
dataset\crash\crash_crash_24_000.wav,crash,crash_24.mp3,3
dataset\crash\crash_crash_25_000.wav,crash,crash_25.mp3,0
dataset\crash\crash_crash_26_000.wav,crash,crash_26.mp3,4
dataset\crash\crash_crash_27_000.wav,crash,crash_27.mp3,4
dataset\crash\crash_crash_27_001.wav,crash,crash_27.mp3,4
dataset\crash\crash_crash_28_000.wav,crash,crash_28.mp3,3
dataset\crash\crash_crash_29_000.wav,crash,crash_29.mp3,2
dataset\crash\crash_crash_30_000.wav,crash,crash_30.mp3,4
dataset\crash\crash_crash_33_000.wav,crash,crash_33.mp3,0
dataset\crash\crash_crash_34_000.wav,crash,crash_34.mp3,2
dataset\crash\crash_crash_35_000.wav,crash,crash_35.mp3,2
dataset\crash\crash_crash_35_001.wav,crash,crash_35.mp3,2
dataset\crash\crash_crash_35_002.wav,crash,crash_35.mp3,2
dataset\crash\crash_crash_36_000.wav,crash,crash_36.mp3,0
dataset\crash\crash_crash_39_000.wav,crash,crash_39.mp3,0
dataset\crash\crash_crash_39_001.wav,crash,crash_39.mp3,0
dataset\crash\crash_crash_40_000.wav,crash,crash_40.mp3,0
dataset\crash\crash_crash_40_001.wav,crash,crash_40.mp3,0
dataset\crash\crash_crash_41_000.wav,crash,crash_41.mp3,3
dataset\crash\crash_crash_42_000.wav,crash,crash_42.mp3,4
dataset\crash\crash_crash_43_000.wav,crash,crash_43.mp3,4
dataset\crash\crash_crash_46_000.wav,crash,crash_46.mp3,2
dataset\crash\crash_crash_47_000.wav,crash,crash_47.mp3,0
dataset\crash\crash_crash_47_001.wav,crash,crash_47.mp3,0
dataset\crash\crash_crash_48_000.wav,crash,crash_48.mp3,2
dataset\crash\crash_crash_48_001.wav,crash,crash_48.mp3,2
dataset\crash\crash_crash_49_000.wav,crash,crash_49.mp3,2
dataset\crash\crash_crash_49_001.wav,crash,crash_49.mp3,2
dataset\crash\crash_crash_50_000.wav,crash,crash_50.mp3,2
dataset\crash\crash_crash_50_001.wav,crash,crash_50.mp3,2
dataset\crash\crash_crash_50_002.wav,crash,crash_50.mp3,2
dataset\crash\crash_crash_51_000.wav,crash,crash_51.mp3,1
dataset\crash\crash_crash_51_001.wav,crash,crash_51.mp3,1
dataset\crash\crash_crash_52_000.wav,crash,crash_52.mp3,1
dataset\crash\crash_crash_52_001.wav,crash,crash_52.mp3,1
dataset\crash\crash_crash_54_000.wav,crash,crash_54.mp3,3
dataset\crash\crash_crash_55_000.wav,crash,crash_55.mp3,1
dataset\crash\crash_crash_57_000.wav,crash,crash_57.mp3,3
dataset\crash\crash_crash_58_000.wav,crash,crash_58.mp3,2
dataset\crash\crash_crash_58_001.wav,crash,crash_58.mp3,2
dataset\crash\crash_crash_59_000.wav,crash,crash_59.mp3,1
dataset\crash\crash_crash_63_000.wav,crash,crash_63.mp3,3
dataset\crash\crash_crash_67_000.wav,crash,crash_67.mp3,3
dataset\crash\crash_crash_68_000.wav,crash,crash_68.mp3,0
dataset\crash\crash_crash_68_001.wav,crash,crash_68.mp3,0
dataset\crash\crash_crash_68_002.wav,crash,crash_68.mp3,0
dataset\crash\crash_crash_68_003.wav,crash,crash_68.mp3,0
dataset\crash\crash_crash_69_000.wav,crash,crash_69.mp3,3
dataset\crash\crash_crash_69_001.wav,crash,crash_69.mp3,3
dataset\crash\crash_crash_70_000.wav,crash,crash_70.mp3,1
dataset\crash\crash_crash_70_001.wav,crash,crash_70.mp3,1
dataset\crash\crash_crash_76_000.wav,crash,crash_76.mp3,0
dataset\crash\crash_crash_77_000.wav,crash,crash_77.mp3,0
dataset\crash\crash_crash_77_001.wav,crash,crash_77.mp3,0
dataset\crash\crash_crash_78_000.wav,crash,crash_78.mp3,2
dataset\crash\crash_crash_78_001.wav,crash,crash_78.mp3,2
dataset\crash\crash_crash_78_002.wav,crash,crash_78.mp3,2
dataset\crash\crash_crash_79_000.wav,crash,crash_79.mp3,3
dataset\crash\crash_crash_80_000.wav,crash,crash_80.mp3,0
dataset\crash\crash_crash_84_000.wav,crash,crash_84.mp3,3
dataset\crash\crash_crash_84_001.wav,crash,crash_84.mp3,3
dataset\crash\crash_crash_86_000.wav,crash,crash_86.mp3,2
dataset\crash\crash_crash_87_000.wav,crash,crash_87.mp3,4
dataset\crash\crash_crash_88_000.wav,crash,crash_88.mp3,3
dataset\crash\crash_crash_90_000.wav,crash,crash_90.mp3,3
dataset\crash\crash_crash_90_001.wav,crash,crash_90.mp3,3
dataset\crash\crash_crash_91_000.wav,crash,crash_91.mp3,0
dataset\crash\crash_crash_92_000.wav,crash,crash_92.mp3,3
dataset\crash\crash_crash_93_000.wav,crash,crash_93.mp3,1
dataset\crash\crash_crash_94_000.wav,crash,crash_94.mp3,2
dataset\crash\crash_crash_96_000.wav,crash,crash_96.mp3,0
dataset\crash\crash_crash_99_000.wav,crash,crash_99.mp3,2
dataset\crash\crash_crash_brake_01_000.wav,crash,crash_brake_01.mp3,1
dataset\crash\crash_crash_brake_01_001.wav,crash,crash_brake_01.mp3,1
dataset\crash\crash_crash_brake_02_000.wav,crash,crash_brake_02.mp3,4
dataset\crash\crash_crash_brake_03_000.wav,crash,crash_brake_03.mp3,3
dataset\crash\crash_crash_brake_04_000.wav,crash,crash_brake_04.mp3,0
dataset\crash\crash_crash_brake_04_001.wav,crash,crash_brake_04.mp3,0
dataset\crash\crash_crash_brake_04_002.wav,crash,crash_brake_04.mp3,0
dataset\crash\crash_crash_brake_04_003.wav,crash,crash_brake_04.mp3,0
dataset\crash\crash_crash_brake_04_004.wav,crash,crash_brake_04.mp3,0
dataset\crash\crash_crash_brake_04_005.wav,crash,crash_brake_04.mp3,0
dataset\crash\crash_crash_brake_04_006.wav,crash,crash_brake_04.mp3,0
dataset\crash\crash_crash_brake_04_007.wav,crash,crash_brake_04.mp3,0
dataset\crash\crash_crash_brake_04_008.wav,crash,crash_brake_04.mp3,0
dataset\crash\crash_crash_brake_04_009.wav,crash,crash_brake_04.mp3,0
dataset\crash\crash_crash_brake_04_010.wav,crash,crash_brake_04.mp3,0
dataset\crash\crash_crash_brake_04_011.wav,crash,crash_brake_04.mp3,0
dataset\crash\crash_crash_brake_04_012.wav,crash,crash_brake_04.mp3,0
dataset\crash\crash_crash_brake_04_013.wav,crash,crash_brake_04.mp3,0
dataset\crash\crash_crash_brake_04_014.wav,crash,crash_brake_04.mp3,0
dataset\crash\crash_crash_brake_04_015.wav,crash,crash_brake_04.mp3,0
dataset\crash\crash_crash_brake_04_016.wav,crash,crash_brake_04.mp3,0
dataset\crash\crash_crash_brake_04_017.wav,crash,crash_brake_04.mp3,0
dataset\crash\crash_crash_brake_04_018.wav,crash,crash_brake_04.mp3,0
dataset\crash\crash_crash_brake_05_000.wav,crash,crash_brake_05.mp3,2
dataset\crash\crash_crash_brake_06_000.wav,crash,crash_brake_06.mp3,1
dataset\crash\crash_crash_brake_07_000.wav,crash,crash_brake_07.mp3,1
dataset\crash\crash_crash_brake_08_000.wav,crash,crash_brake_08.mp3,2
dataset\crash\crash_crash_brake_09_000.wav,crash,crash_brake_09.mp3,0
dataset\crash\crash_crash_brake_09_001.wav,crash,crash_brake_09.mp3,0
dataset\crash\crash_crash_brake_09_002.wav,crash,crash_brake_09.mp3,0
dataset\crash\crash_crash_brake_10_000.wav,crash,crash_brake_10.mp3,2
dataset\normal\normal_archive_(2)_Bics_Audio_Simulation_for_bicycle_sound_01_000.wav,normal,archive_(2)_Bics_Audio_Simulation_for_bicycle_sound_01.wav,4
dataset\normal\normal_archive_(2)_Bics_Audio_Simulation_for_bicycle_sound_02_000.wav,normal,archive_(2)_Bics_Audio_Simulation_for_bicycle_sound_02.wav,0
dataset\normal\normal_archive_(2)_Bics_Audio_Simulation_for_bicycle_sound_03_000.wav,normal,archive_(2)_Bics_Audio_Simulation_for_bicycle_sound_03.wav,4
dataset\normal\normal_archive_(2)_Bics_Audio_Simulation_for_bicycle_sound_04_000.wav,normal,archive_(2)_Bics_Audio_Simulation_for_bicycle_sound_04.wav,2
dataset\normal\normal_archive_(2)_Bics_Audio_Simulation_for_bicycle_sound_05_000.wav,normal,archive_(2)_Bics_Audio_Simulation_for_bicycle_sound_05.wav,3
dataset\normal\normal_archive_(2)_Bics_Audio_Simulation_for_bicycle_sound_06_000.wav,normal,archive_(2)_Bics_Audio_Simulation_for_bicycle_sound_06.wav,0
dataset\normal\normal_archive_(2)_Bics_Audio_Simulation_for_bicycle_sound_07_000.wav,normal,archive_(2)_Bics_Audio_Simulation_for_bicycle_sound_07.wav,4
dataset\normal\normal_archive_(2)_Bics_Audio_Simulation_for_bicycle_sound_08_000.wav,normal,archive_(2)_Bics_Audio_Simulation_for_bicycle_sound_08.wav,0
dataset\normal\normal_archive_(2)_Bics_Audio_Simulation_for_bicycle_sound_09_000.wav,normal,archive_(2)_Bics_Audio_Simulation_for_bicycle_sound_09.wav,3
dataset\normal\normal_archive_(2)_Bics_Audio_Simulation_for_bicycle_sound_10_000.wav,normal,archive_(2)_Bics_Audio_Simulation_for_bicycle_sound_10.wav,0
dataset\normal\normal_archive_(2)_Bics_Audio_Simulation_for_bicycle_sound_11_000.wav,normal,archive_(2)_Bics_Audio_Simulation_for_bicycle_sound_11.wav,2
dataset\normal\normal_archive_(2)_Bics_Audio_Simulation_for_bicycle_sound_12_000.wav,normal,archive_(2)_Bics_Audio_Simulation_for_bicycle_sound_12.wav,1
dataset\normal\normal_archive_(2)_Bics_Audio_Simulation_for_bicycle_sound_13_000.wav,normal,archive_(2)_Bics_Audio_Simulation_for_bicycle_sound_13.wav,3
dataset\normal\normal_archive_(2)_Bics_Audio_Simulation_for_bicycle_sound_14_000.wav,normal,archive_(2)_Bics_Audio_Simulation_for_bicycle_sound_14.wav,4
dataset\normal\normal_archive_(2)_Bics_Audio_Simulation_for_bicycle_sound_15_000.wav,normal,archive_(2)_Bics_Audio_Simulation_for_bicycle_sound_15.wav,2
dataset\normal\normal_archive_(2)_Bics_Audio_Simulation_for_bicycle_sound_16_000.wav,normal,archive_(2)_Bics_Audio_Simulation_for_bicycle_sound_16.wav,4
dataset\normal\normal_archive_(2)_Bics_Audio_Simulation_for_bicycle_sound_17_000.wav,normal,archive_(2)_Bics_Audio_Simulation_for_bicycle_sound_17.wav,0
dataset\normal\normal_archive_(2)_Bics_Audio_Simulation_for_bicycle_sound_18_000.wav,normal,archive_(2)_Bics_Audio_Simulation_for_bicycle_sound_18.wav,2
dataset\normal\normal_archive_(2)_Bics_Bicycle___Sound_Effect___Bicycle_Sound___White_Noise_002_000.wav,normal,archive_(2)_Bics_Bicycle___Sound_Effect___Bicycle_Sound___White_Noise_002.wav,3
dataset\normal\normal_archive_(2)_Bics_Bicycle___Sound_Effect___Bicycle_Sound___White_Noise_003_000.wav,normal,archive_(2)_Bics_Bicycle___Sound_Effect___Bicycle_Sound___White_Noise_003.wav,0
dataset\normal\normal_archive_(2)_Bics_Bicycle___Sound_Effect___Bicycle_Sound___White_Noise_004_000.wav,normal,archive_(2)_Bics_Bicycle___Sound_Effect___Bicycle_Sound___White_Noise_004.wav,1
dataset\normal\normal_archive_(2)_Bics_Bicycle___Sound_Effect___Bicycle_Sound___White_Noise_005_000.wav,normal,archive_(2)_Bics_Bicycle___Sound_Effect___Bicycle_Sound___White_Noise_005.wav,1
dataset\normal\normal_archive_(2)_Bics_Bicycle___Sound_Effect___Bicycle_Sound___White_Noise_006_000.wav,normal,archive_(2)_Bics_Bicycle___Sound_Effect___Bicycle_Sound___White_Noise_006.wav,2
dataset\normal\normal_archive_(2)_Bics_Bicycle___Sound_Effect___Bicycle_Sound___White_Noise_007_000.wav,normal,archive_(2)_Bics_Bicycle___Sound_Effect___Bicycle_Sound___White_Noise_007.wav,3
dataset\normal\normal_archive_(2)_Bics_Bicycle___Sound_Effect___Bicycle_Sound___White_Noise_008_000.wav,normal,archive_(2)_Bics_Bicycle___Sound_Effect___Bicycle_Sound___White_Noise_008.wav,0
dataset\normal\normal_archive_(2)_Bics_Bicycle___Sound_Effect___Bicycle_Sound___White_Noise_009_000.wav,normal,archive_(2)_Bics_Bicycle___Sound_Effect___Bicycle_Sound___White_Noise_009.wav,2
dataset\normal\normal_archive_(2)_Bics_Bicycle___Sound_Effect___Bicycle_Sound___White_Noise_010_000.wav,normal,archive_(2)_Bics_Bicycle___Sound_Effect___Bicycle_Sound___White_Noise_010.wav,3
dataset\normal\normal_archive_(2)_Bics_Bicycle___Sound_Effect___Bicycle_Sound___White_Noise_011_000.wav,normal,archive_(2)_Bics_Bicycle___Sound_Effect___Bicycle_Sound___White_Noise_011.wav,1
dataset\normal\normal_archive_(2)_Bics_Bicycle___Sound_Effect___Bicycle_Sound___White_Noise_012_000.wav,normal,archive_(2)_Bics_Bicycle___Sound_Effect___Bicycle_Sound___White_Noise_012.wav,3
dataset\normal\normal_archive_(2)_Bics_Bicycle___Sound_Effect___Bicycle_Sound___White_Noise_013_000.wav,normal,archive_(2)_Bics_Bicycle___Sound_Effect___Bicycle_Sound___White_Noise_013.wav,3
dataset\normal\normal_archive_(2)_Bics_Bicycle___Sound_Effect___Bicycle_Sound___White_Noise_014_000.wav,normal,archive_(2)_Bics_Bicycle___Sound_Effect___Bicycle_Sound___White_Noise_014.wav,0
dataset\normal\normal_archive_(2)_Bics_Bicycle___Sound_Effect___Bicycle_Sound___White_Noise_015_000.wav,normal,archive_(2)_Bics_Bicycle___Sound_Effect___Bicycle_Sound___White_Noise_015.wav,3
dataset\normal\normal_archive_(2)_Bics_Bicycle___Sound_Effect___Bicycle_Sound___White_Noise_016_000.wav,normal,archive_(2)_Bics_Bicycle___Sound_Effect___Bicycle_Sound___White_Noise_016.wav,3
dataset\normal\normal_archive_(2)_Bics_Bicycle___Sound_Effect___Bicycle_Sound___White_Noise_017_000.wav,normal,archive_(2)_Bics_Bicycle___Sound_Effect___Bicycle_Sound___White_Noise_017.wav,2
dataset\normal\normal_archive_(2)_Bics_Bicycle___Sound_Effect___Bicycle_Sound___White_Noise_018_000.wav,normal,archive_(2)_Bics_Bicycle___Sound_Effect___Bicycle_Sound___White_Noise_018.wav,0
dataset\normal\normal_archive_(2)_Bics_Bicycle___Sound_Effect___Bicycle_Sound___White_Noise_019_000.wav,normal,archive_(2)_Bics_Bicycle___Sound_Effect___Bicycle_Sound___White_Noise_019.wav,0
dataset\normal\normal_archive_(2)_Bics_Bicycle___Sound_Effect___Bicycle_Sound___White_Noise_020_000.wav,normal,archive_(2)_Bics_Bicycle___Sound_Effect___Bicycle_Sound___White_Noise_020.wav,1
dataset\normal\normal_archive_(2)_Bics_Bicycle___Sound_Effect___Bicycle_Sound___White_Noise_021_000.wav,normal,archive_(2)_Bics_Bicycle___Sound_Effect___Bicycle_Sound___White_Noise_021.wav,1
dataset\normal\normal_archive_(2)_Bics_Bicycle___Sound_Effect___Bicycle_Sound___White_Noise_022_000.wav,normal,archive_(2)_Bics_Bicycle___Sound_Effect___Bicycle_Sound___White_Noise_022.wav,1
dataset\normal\normal_archive_(2)_Bics_Bicycle___Sound_Effect___Bicycle_Sound___White_Noise_023_000.wav,normal,archive_(2)_Bics_Bicycle___Sound_Effect___Bicycle_Sound___White_Noise_023.wav,0
dataset\normal\normal_archive_(2)_Bics_Bicycle___Sound_Effect___Bicycle_Sound___White_Noise_024_000.wav,normal,archive_(2)_Bics_Bicycle___Sound_Effect___Bicycle_Sound___White_Noise_024.wav,2
dataset\normal\normal_archive_(2)_Bics_Bicycle___Sound_Effect___Bicycle_Sound___White_Noise_025_000.wav,normal,archive_(2)_Bics_Bicycle___Sound_Effect___Bicycle_Sound___White_Noise_025.wav,2
dataset\normal\normal_archive_(2)_Bics_Bicycle___Sound_Effect___Bicycle_Sound___White_Noise_026_000.wav,normal,archive_(2)_Bics_Bicycle___Sound_Effect___Bicycle_Sound___White_Noise_026.wav,3
dataset\normal\normal_archive_(2)_Bics_Bicycle___Sound_Effect___Bicycle_Sound___White_Noise_027_000.wav,normal,archive_(2)_Bics_Bicycle___Sound_Effect___Bicycle_Sound___White_Noise_027.wav,0
dataset\normal\normal_archive_(2)_Bics_Bicycle___Sound_Effect___Bicycle_Sound___White_Noise_028_000.wav,normal,archive_(2)_Bics_Bicycle___Sound_Effect___Bicycle_Sound___White_Noise_028.wav,4
dataset\normal\normal_archive_(2)_Bics_Bicycle___Sound_Effect___Bicycle_Sound___White_Noise_029_000.wav,normal,archive_(2)_Bics_Bicycle___Sound_Effect___Bicycle_Sound___White_Noise_029.wav,3
dataset\normal\normal_archive_(2)_Bics_Bicycle___Sound_Effect___Bicycle_Sound___White_Noise_030_000.wav,normal,archive_(2)_Bics_Bicycle___Sound_Effect___Bicycle_Sound___White_Noise_030.wav,2
dataset\normal\normal_archive_(2)_Bics_Bicycle___Sound_Effect___Bicycle_Sound___White_Noise_031_000.wav,normal,archive_(2)_Bics_Bicycle___Sound_Effect___Bicycle_Sound___White_Noise_031.wav,0
dataset\normal\normal_archive_(2)_Bics_Bicycle___Sound_Effect___Bicycle_Sound___White_Noise_032_000.wav,normal,archive_(2)_Bics_Bicycle___Sound_Effect___Bicycle_Sound___White_Noise_032.wav,3
dataset\normal\normal_archive_(2)_Bics_Bicycle___Sound_Effect___Bicycle_Sound___White_Noise_033_000.wav,normal,archive_(2)_Bics_Bicycle___Sound_Effect___Bicycle_Sound___White_Noise_033.wav,4
dataset\normal\normal_archive_(2)_Bics_Bicycle___Sound_Effect___Bicycle_Sound___White_Noise_034_000.wav,normal,archive_(2)_Bics_Bicycle___Sound_Effect___Bicycle_Sound___White_Noise_034.wav,2
dataset\normal\normal_archive_(2)_Bics_Bicycle___Sound_Effect___Bicycle_Sound___White_Noise_035_000.wav,normal,archive_(2)_Bics_Bicycle___Sound_Effect___Bicycle_Sound___White_Noise_035.wav,2
dataset\normal\normal_archive_(2)_Bics_Bicycle___Sound_Effect___Bicycle_Sound___White_Noise_036_000.wav,normal,archive_(2)_Bics_Bicycle___Sound_Effect___Bicycle_Sound___White_Noise_036.wav,0
dataset\normal\normal_archive_(2)_Bics_Bicycle___Sound_Effect___Bicycle_Sound___White_Noise_037_000.wav,normal,archive_(2)_Bics_Bicycle___Sound_Effect___Bicycle_Sound___White_Noise_037.wav,1
dataset\normal\normal_archive_(2)_Bics_Bicycle___Sound_Effect___Bicycle_Sound___White_Noise_038_000.wav,normal,archive_(2)_Bics_Bicycle___Sound_Effect___Bicycle_Sound___White_Noise_038.wav,1
dataset\normal\normal_archive_(2)_Bics_Bicycle___Sound_Effect___Bicycle_Sound___White_Noise_039_000.wav,normal,archive_(2)_Bics_Bicycle___Sound_Effect___Bicycle_Sound___White_Noise_039.wav,4
dataset\normal\normal_archive_(2)_Bics_Bicycle___Sound_Effect___Bicycle_Sound___White_Noise_040_000.wav,normal,archive_(2)_Bics_Bicycle___Sound_Effect___Bicycle_Sound___White_Noise_040.wav,1
dataset\normal\normal_archive_(2)_Bics_Bicycle___Sound_Effect___Bicycle_Sound___White_Noise_041_000.wav,normal,archive_(2)_Bics_Bicycle___Sound_Effect___Bicycle_Sound___White_Noise_041.wav,1
dataset\normal\normal_archive_(2)_Bics_Bicycle___Sound_Effect___Bicycle_Sound___White_Noise_042_000.wav,normal,archive_(2)_Bics_Bicycle___Sound_Effect___Bicycle_Sound___White_Noise_042.wav,2
dataset\normal\normal_archive_(2)_Bics_Bicycle___Sound_Effect___Bicycle_Sound___White_Noise_043_000.wav,normal,archive_(2)_Bics_Bicycle___Sound_Effect___Bicycle_Sound___White_Noise_043.wav,0
dataset\normal\normal_archive_(2)_Bics_Bicycle___Sound_Effect___Bicycle_Sound___White_Noise_044_000.wav,normal,archive_(2)_Bics_Bicycle___Sound_Effect___Bicycle_Sound___White_Noise_044.wav,1
dataset\normal\normal_archive_(2)_Bics_Bicycle___Sound_Effect___Bicycle_Sound___White_Noise_045_000.wav,normal,archive_(2)_Bics_Bicycle___Sound_Effect___Bicycle_Sound___White_Noise_045.wav,2
dataset\normal\normal_archive_(2)_Bics_Bicycle___Sound_Effect___Bicycle_Sound___White_Noise_046_000.wav,normal,archive_(2)_Bics_Bicycle___Sound_Effect___Bicycle_Sound___White_Noise_046.wav,2
dataset\normal\normal_archive_(2)_Bics_Bicycle___Sound_Effect___Bicycle_Sound___White_Noise_047_000.wav,normal,archive_(2)_Bics_Bicycle___Sound_Effect___Bicycle_Sound___White_Noise_047.wav,3
dataset\normal\normal_archive_(2)_Bics_Bicycle___Sound_Effect___Bicycle_Sound___White_Noise_048_000.wav,normal,archive_(2)_Bics_Bicycle___Sound_Effect___Bicycle_Sound___White_Noise_048.wav,1
dataset\normal\normal_archive_(2)_Bics_Bicycle___Sound_Effect___Bicycle_Sound___White_Noise_049_000.wav,normal,archive_(2)_Bics_Bicycle___Sound_Effect___Bicycle_Sound___White_Noise_049.wav,4
dataset\normal\normal_archive_(2)_Bics_Bicycle___Sound_Effect___Bicycle_Sound___White_Noise_050_000.wav,normal,archive_(2)_Bics_Bicycle___Sound_Effect___Bicycle_Sound___White_Noise_050.wav,0
dataset\normal\normal_archive_(2)_Bics_Bicycle___Sound_Effect___Bicycle_Sound___White_Noise_051_000.wav,normal,archive_(2)_Bics_Bicycle___Sound_Effect___Bicycle_Sound___White_Noise_051.wav,0
dataset\normal\normal_archive_(2)_Bics_Bicycle___Sound_Effect___Bicycle_Sound___White_Noise_052_000.wav,normal,archive_(2)_Bics_Bicycle___Sound_Effect___Bicycle_Sound___White_Noise_052.wav,0
dataset\normal\normal_archive_(2)_Bics_Bicycle___Sound_Effect___Bicycle_Sound___White_Noise_053_000.wav,normal,archive_(2)_Bics_Bicycle___Sound_Effect___Bicycle_Sound___White_Noise_053.wav,0
dataset\normal\normal_archive_(2)_Bics_Bicycle___Sound_Effect___Bicycle_Sound___White_Noise_054_000.wav,normal,archive_(2)_Bics_Bicycle___Sound_Effect___Bicycle_Sound___White_Noise_054.wav,1
dataset\normal\normal_archive_(2)_Bics_Bicycle___Sound_Effect___Bicycle_Sound___White_Noise_055_000.wav,normal,archive_(2)_Bics_Bicycle___Sound_Effect___Bicycle_Sound___White_Noise_055.wav,4
dataset\normal\normal_archive_(2)_Bics_Bicycle___Sound_Effect___Bicycle_Sound___White_Noise_056_000.wav,normal,archive_(2)_Bics_Bicycle___Sound_Effect___Bicycle_Sound___White_Noise_056.wav,3
dataset\normal\normal_archive_(2)_Bics_Bicycle___Sound_Effect___Bicycle_Sound___White_Noise_057_000.wav,normal,archive_(2)_Bics_Bicycle___Sound_Effect___Bicycle_Sound___White_Noise_057.wav,0
dataset\normal\normal_archive_(2)_Bics_Bicycle___Sound_Effect___Bicycle_Sound___White_Noise_058_000.wav,normal,archive_(2)_Bics_Bicycle___Sound_Effect___Bicycle_Sound___White_Noise_058.wav,4
dataset\normal\normal_archive_(2)_Bics_Bicycle___Sound_Effect___Bicycle_Sound___White_Noise_059_000.wav,normal,archive_(2)_Bics_Bicycle___Sound_Effect___Bicycle_Sound___White_Noise_059.wav,2
dataset\normal\normal_archive_(2)_Bics_Bicycle___Sound_Effect___Bicycle_Sound___White_Noise_060_000.wav,normal,archive_(2)_Bics_Bicycle___Sound_Effect___Bicycle_Sound___White_Noise_060.wav,0
dataset\normal\normal_archive_(2)_Bics_Bicycle___Sound_Effect___Bicycle_Sound___White_Noise_061_000.wav,normal,archive_(2)_Bics_Bicycle___Sound_Effect___Bicycle_Sound___White_Noise_061.wav,4
dataset\normal\normal_archive_(2)_Bics_Bicycle___Sound_Effect___Bicycle_Sound___White_Noise_062_000.wav,normal,archive_(2)_Bics_Bicycle___Sound_Effect___Bicycle_Sound___White_Noise_062.wav,4
dataset\normal\normal_archive_(2)_Bics_Bicycle___Sound_Effect___Bicycle_Sound___White_Noise_063_000.wav,normal,archive_(2)_Bics_Bicycle___Sound_Effect___Bicycle_Sound___White_Noise_063.wav,1
dataset\normal\normal_archive_(2)_Bics_Bicycle___Sound_Effect___Bicycle_Sound___White_Noise_064_000.wav,normal,archive_(2)_Bics_Bicycle___Sound_Effect___Bicycle_Sound___White_Noise_064.wav,2
dataset\normal\normal_archive_(2)_Bics_Bicycle___Sound_Effect___Bicycle_Sound___White_Noise_065_000.wav,normal,archive_(2)_Bics_Bicycle___Sound_Effect___Bicycle_Sound___White_Noise_065.wav,0
dataset\normal\normal_archive_(2)_Bics_Bicycle___Sound_Effect___Bicycle_Sound___White_Noise_066_000.wav,normal,archive_(2)_Bics_Bicycle___Sound_Effect___Bicycle_Sound___White_Noise_066.wav,1
dataset\normal\normal_archive_(2)_Bics_Bicycle___Sound_Effect___Bicycle_Sound___White_Noise_067_000.wav,normal,archive_(2)_Bics_Bicycle___Sound_Effect___Bicycle_Sound___White_Noise_067.wav,4
dataset\normal\normal_archive_(2)_Bics_Bicycle___Sound_Effect___Bicycle_Sound___White_Noise_068_000.wav,normal,archive_(2)_Bics_Bicycle___Sound_Effect___Bicycle_Sound___White_Noise_068.wav,2
dataset\normal\normal_archive_(2)_Bics_Bicycle___Sound_Effect___Bicycle_Sound___White_Noise_069_000.wav,normal,archive_(2)_Bics_Bicycle___Sound_Effect___Bicycle_Sound___White_Noise_069.wav,3
dataset\normal\normal_archive_(2)_Bics_Bicycle___Sound_Effect___Bicycle_Sound___White_Noise_070_000.wav,normal,archive_(2)_Bics_Bicycle___Sound_Effect___Bicycle_Sound___White_Noise_070.wav,3
dataset\normal\normal_archive_(2)_Bics_Bicycle___Sound_Effect___Bicycle_Sound___White_Noise_071_000.wav,normal,archive_(2)_Bics_Bicycle___Sound_Effect___Bicycle_Sound___White_Noise_071.wav,3
dataset\normal\normal_archive_(2)_Bics_Bicycle___Sound_Effect___Bicycle_Sound___White_Noise_072_000.wav,normal,archive_(2)_Bics_Bicycle___Sound_Effect___Bicycle_Sound___White_Noise_072.wav,4
dataset\normal\normal_archive_(2)_Bics_Bicycle___Sound_Effect___Bicycle_Sound___White_Noise_073_000.wav,normal,archive_(2)_Bics_Bicycle___Sound_Effect___Bicycle_Sound___White_Noise_073.wav,3
dataset\normal\normal_archive_(2)_Bics_Bicycle___Sound_Effect___Bicycle_Sound___White_Noise_074_000.wav,normal,archive_(2)_Bics_Bicycle___Sound_Effect___Bicycle_Sound___White_Noise_074.wav,2
dataset\normal\normal_archive_(2)_Bics_Bicycle___Sound_Effect___Bicycle_Sound___White_Noise_075_000.wav,normal,archive_(2)_Bics_Bicycle___Sound_Effect___Bicycle_Sound___White_Noise_075.wav,1
dataset\normal\normal_archive_(2)_Bics_Bicycle___Sound_Effect___Bicycle_Sound___White_Noise_076_000.wav,normal,archive_(2)_Bics_Bicycle___Sound_Effect___Bicycle_Sound___White_Noise_076.wav,2
dataset\normal\normal_archive_(2)_Bics_Bicycle___Sound_Effect___Bicycle_Sound___White_Noise_077_000.wav,normal,archive_(2)_Bics_Bicycle___Sound_Effect___Bicycle_Sound___White_Noise_077.wav,4
dataset\normal\normal_archive_(2)_Bics_Bicycle___Sound_Effect___Bicycle_Sound___White_Noise_078_000.wav,normal,archive_(2)_Bics_Bicycle___Sound_Effect___Bicycle_Sound___White_Noise_078.wav,1
dataset\normal\normal_archive_(2)_Bics_Bicycle___Sound_Effect___Bicycle_Sound___White_Noise_079_000.wav,normal,archive_(2)_Bics_Bicycle___Sound_Effect___Bicycle_Sound___White_Noise_079.wav,4
dataset\normal\normal_archive_(2)_Bics_Bicycle___Sound_Effect___Bicycle_Sound___White_Noise_080_000.wav,normal,archive_(2)_Bics_Bicycle___Sound_Effect___Bicycle_Sound___White_Noise_080.wav,0
dataset\normal\normal_archive_(2)_Bics_Bicycle___Sound_Effect___Bicycle_Sound___White_Noise_081_000.wav,normal,archive_(2)_Bics_Bicycle___Sound_Effect___Bicycle_Sound___White_Noise_081.wav,2
dataset\normal\normal_archive_(2)_Bics_Bicycle___Sound_Effect___Bicycle_Sound___White_Noise_082_000.wav,normal,archive_(2)_Bics_Bicycle___Sound_Effect___Bicycle_Sound___White_Noise_082.wav,2
dataset\normal\normal_archive_(2)_Bics_Bicycle___Sound_Effect___Bicycle_Sound___White_Noise_083_000.wav,normal,archive_(2)_Bics_Bicycle___Sound_Effect___Bicycle_Sound___White_Noise_083.wav,3
dataset\normal\normal_archive_(2)_Bics_Bicycle___Sound_Effect___Bicycle_Sound___White_Noise_084_000.wav,normal,archive_(2)_Bics_Bicycle___Sound_Effect___Bicycle_Sound___White_Noise_084.wav,3
dataset\normal\normal_archive_(2)_Bics_Bicycle___Sound_Effect___Bicycle_Sound___White_Noise_085_000.wav,normal,archive_(2)_Bics_Bicycle___Sound_Effect___Bicycle_Sound___White_Noise_085.wav,1
dataset\normal\normal_archive_(2)_Bics_Bicycle___Sound_Effect___Bicycle_Sound___White_Noise_086_000.wav,normal,archive_(2)_Bics_Bicycle___Sound_Effect___Bicycle_Sound___White_Noise_086.wav,1
dataset\normal\normal_archive_(2)_Bics_Bicycle___Sound_Effect___Bicycle_Sound___White_Noise_087_000.wav,normal,archive_(2)_Bics_Bicycle___Sound_Effect___Bicycle_Sound___White_Noise_087.wav,3
dataset\normal\normal_archive_(2)_Bics_Bicycle___Sound_Effect___Bicycle_Sound___White_Noise_088_000.wav,normal,archive_(2)_Bics_Bicycle___Sound_Effect___Bicycle_Sound___White_Noise_088.wav,2
dataset\normal\normal_archive_(2)_Bics_Bicycle___Sound_Effect___Bicycle_Sound___White_Noise_089_000.wav,normal,archive_(2)_Bics_Bicycle___Sound_Effect___Bicycle_Sound___White_Noise_089.wav,0
dataset\normal\normal_archive_(2)_Bics_Bicycle___Sound_Effect___Bicycle_Sound___White_Noise_090_000.wav,normal,archive_(2)_Bics_Bicycle___Sound_Effect___Bicycle_Sound___White_Noise_090.wav,1
dataset\normal\normal_archive_(2)_Bics_Bicycle___Sound_Effect___Bicycle_Sound___White_Noise_091_000.wav,normal,archive_(2)_Bics_Bicycle___Sound_Effect___Bicycle_Sound___White_Noise_091.wav,1
dataset\normal\normal_archive_(2)_Bics_Bicycle___Sound_Effect___Bicycle_Sound___White_Noise_092_000.wav,normal,archive_(2)_Bics_Bicycle___Sound_Effect___Bicycle_Sound___White_Noise_092.wav,2
dataset\normal\normal_archive_(2)_Bics_Bicycle___Sound_Effect___Bicycle_Sound___White_Noise_093_000.wav,normal,archive_(2)_Bics_Bicycle___Sound_Effect___Bicycle_Sound___White_Noise_093.wav,1
dataset\normal\normal_archive_(2)_Bics_Bicycle___Sound_Effect___Bicycle_Sound___White_Noise_094_000.wav,normal,archive_(2)_Bics_Bicycle___Sound_Effect___Bicycle_Sound___White_Noise_094.wav,4
dataset\normal\normal_archive_(2)_Bics_Bicycle___Sound_Effect___Bicycle_Sound___White_Noise_095_000.wav,normal,archive_(2)_Bics_Bicycle___Sound_Effect___Bicycle_Sound___White_Noise_095.wav,3
dataset\normal\normal_archive_(2)_Bics_Bicycle___Sound_Effect___Bicycle_Sound___White_Noise_096_000.wav,normal,archive_(2)_Bics_Bicycle___Sound_Effect___Bicycle_Sound___White_Noise_096.wav,1
dataset\normal\normal_archive_(2)_Bics_Bicycle___Sound_Effect___Bicycle_Sound___White_Noise_097_000.wav,normal,archive_(2)_Bics_Bicycle___Sound_Effect___Bicycle_Sound___White_Noise_097.wav,0
dataset\normal\normal_archive_(2)_Bics_Bicycle___Sound_Effect___Bicycle_Sound___White_Noise_098_000.wav,normal,archive_(2)_Bics_Bicycle___Sound_Effect___Bicycle_Sound___White_Noise_098.wav,2
dataset\normal\normal_archive_(2)_Bics_Bicycle___Sound_Effect___Bicycle_Sound___White_Noise_099_000.wav,normal,archive_(2)_Bics_Bicycle___Sound_Effect___Bicycle_Sound___White_Noise_099.wav,0
dataset\normal\normal_archive_(2)_Bics_Bicycle___Sound_Effect___Bicycle_Sound___White_Noise_100_000.wav,normal,archive_(2)_Bics_Bicycle___Sound_Effect___Bicycle_Sound___White_Noise_100.wav,1
dataset\normal\normal_archive_(2)_Bics_Bicycle___Sound_Effect___Bicycle_Sound___White_Noise_101_000.wav,normal,archive_(2)_Bics_Bicycle___Sound_Effect___Bicycle_Sound___White_Noise_101.wav,2
dataset\normal\normal_archive_(2)_Bics_Bicycle___Sound_Effect___Bicycle_Sound___White_Noise_102_000.wav,normal,archive_(2)_Bics_Bicycle___Sound_Effect___Bicycle_Sound___White_Noise_102.wav,4
dataset\normal\normal_archive_(2)_Bics_Bicycle___Sound_Effect___Bicycle_Sound___White_Noise_103_000.wav,normal,archive_(2)_Bics_Bicycle___Sound_Effect___Bicycle_Sound___White_Noise_103.wav,1
dataset\normal\normal_archive_(2)_Bics_Bicycle___Sound_Effect___Bicycle_Sound___White_Noise_104_000.wav,normal,archive_(2)_Bics_Bicycle___Sound_Effect___Bicycle_Sound___White_Noise_104.wav,3
dataset\normal\normal_archive_(2)_Bics_Bicycle___Sound_Effect___Bicycle_Sound___White_Noise_105_000.wav,normal,archive_(2)_Bics_Bicycle___Sound_Effect___Bicycle_Sound___White_Noise_105.wav,1
dataset\normal\normal_archive_(2)_Bics_Bicycle___Sound_Effect___Bicycle_Sound___White_Noise_106_000.wav,normal,archive_(2)_Bics_Bicycle___Sound_Effect___Bicycle_Sound___White_Noise_106.wav,2
dataset\normal\normal_archive_(2)_Bics_Bicycle___Sound_Effect___Bicycle_Sound___White_Noise_107_000.wav,normal,archive_(2)_Bics_Bicycle___Sound_Effect___Bicycle_Sound___White_Noise_107.wav,4
dataset\normal\normal_archive_(2)_Bics_Bicycle___Sound_Effect___Bicycle_Sound___White_Noise_108_000.wav,normal,archive_(2)_Bics_Bicycle___Sound_Effect___Bicycle_Sound___White_Noise_108.wav,4
dataset\normal\normal_archive_(2)_Bics_Bicycle___Sound_Effect___Bicycle_Sound___White_Noise_109_000.wav,normal,archive_(2)_Bics_Bicycle___Sound_Effect___Bicycle_Sound___White_Noise_109.wav,0
dataset\normal\normal_archive_(2)_Bics_Bicycle___Sound_Effect___Bicycle_Sound___White_Noise_110_000.wav,normal,archive_(2)_Bics_Bicycle___Sound_Effect___Bicycle_Sound___White_Noise_110.wav,0
dataset\normal\normal_archive_(2)_Bics_Bicycle___Sound_Effect___Bicycle_Sound___White_Noise_111_000.wav,normal,archive_(2)_Bics_Bicycle___Sound_Effect___Bicycle_Sound___White_Noise_111.wav,4
dataset\normal\normal_archive_(2)_Bics_Bicycle___Sound_Effect___Bicycle_Sound___White_Noise_112_000.wav,normal,archive_(2)_Bics_Bicycle___Sound_Effect___Bicycle_Sound___White_Noise_112.wav,0
dataset\normal\normal_archive_(2)_Bics_Bicycle___Sound_Effect___Bicycle_Sound___White_Noise_113_000.wav,normal,archive_(2)_Bics_Bicycle___Sound_Effect___Bicycle_Sound___White_Noise_113.wav,2
dataset\normal\normal_archive_(2)_Bics_Bicycle___Sound_Effect___Bicycle_Sound___White_Noise_114_000.wav,normal,archive_(2)_Bics_Bicycle___Sound_Effect___Bicycle_Sound___White_Noise_114.wav,4
dataset\normal\normal_archive_(2)_Bics_Bicycle___Sound_Effect___Bicycle_Sound___White_Noise_115_000.wav,normal,archive_(2)_Bics_Bicycle___Sound_Effect___Bicycle_Sound___White_Noise_115.wav,1
dataset\normal\normal_archive_(2)_Bics_Bicycle___Sound_Effect___Bicycle_Sound___White_Noise_116_000.wav,normal,archive_(2)_Bics_Bicycle___Sound_Effect___Bicycle_Sound___White_Noise_116.wav,2
dataset\normal\normal_archive_(2)_Bics_Bicycle___Sound_Effect___Bicycle_Sound___White_Noise_117_000.wav,normal,archive_(2)_Bics_Bicycle___Sound_Effect___Bicycle_Sound___White_Noise_117.wav,3
dataset\normal\normal_archive_(2)_Bics_Bicycle___Sound_Effect___Bicycle_Sound___White_Noise_118_000.wav,normal,archive_(2)_Bics_Bicycle___Sound_Effect___Bicycle_Sound___White_Noise_118.wav,4
dataset\normal\normal_archive_(2)_Bics_Bicycle___Sound_Effect___Bicycle_Sound___White_Noise_119_000.wav,normal,archive_(2)_Bics_Bicycle___Sound_Effect___Bicycle_Sound___White_Noise_119.wav,0
dataset\normal\normal_archive_(2)_Bics_Bicycle___Sound_Effect___Bicycle_Sound___White_Noise_120_000.wav,normal,archive_(2)_Bics_Bicycle___Sound_Effect___Bicycle_Sound___White_Noise_120.wav,0
dataset\normal\normal_archive_(2)_Bics_Bicycle___Sound_Effect___Bicycle_Sound___White_Noise_121_000.wav,normal,archive_(2)_Bics_Bicycle___Sound_Effect___Bicycle_Sound___White_Noise_121.wav,3
dataset\normal\normal_archive_(2)_Bics_Bicycle___Sound_Effect___Bicycle_Sound___White_Noise_122_000.wav,normal,archive_(2)_Bics_Bicycle___Sound_Effect___Bicycle_Sound___White_Noise_122.wav,2
dataset\normal\normal_archive_(2)_Bics_Bicycle___Sound_Effect___Bicycle_Sound___White_Noise_123_000.wav,normal,archive_(2)_Bics_Bicycle___Sound_Effect___Bicycle_Sound___White_Noise_123.wav,2
dataset\normal\normal_archive_(2)_Bics_Bicycle___Sound_Effect___Bicycle_Sound___White_Noise_124_000.wav,normal,archive_(2)_Bics_Bicycle___Sound_Effect___Bicycle_Sound___White_Noise_124.wav,0
dataset\normal\normal_archive_(2)_Bics_Bicycle___Sound_Effect___Bicycle_Sound___White_Noise_125_000.wav,normal,archive_(2)_Bics_Bicycle___Sound_Effect___Bicycle_Sound___White_Noise_125.wav,1
dataset\normal\normal_archive_(2)_Bics_Bicycle___Sound_Effect___Bicycle_Sound___White_Noise_126_000.wav,normal,archive_(2)_Bics_Bicycle___Sound_Effect___Bicycle_Sound___White_Noise_126.wav,0
dataset\normal\normal_archive_(2)_Bics_Bicycle___Sound_Effect___Bicycle_Sound___White_Noise_127_000.wav,normal,archive_(2)_Bics_Bicycle___Sound_Effect___Bicycle_Sound___White_Noise_127.wav,1
dataset\normal\normal_archive_(2)_Bics_Bicycle___Sound_Effect___Bicycle_Sound___White_Noise_128_000.wav,normal,archive_(2)_Bics_Bicycle___Sound_Effect___Bicycle_Sound___White_Noise_128.wav,3
dataset\normal\normal_archive_(2)_Bics_Bicycle___Sound_Effect___Bicycle_Sound___White_Noise_129_000.wav,normal,archive_(2)_Bics_Bicycle___Sound_Effect___Bicycle_Sound___White_Noise_129.wav,3
dataset\normal\normal_archive_(2)_Bics_Bicycle___Sound_Effect___Bicycle_Sound___White_Noise_130_000.wav,normal,archive_(2)_Bics_Bicycle___Sound_Effect___Bicycle_Sound___White_Noise_130.wav,2
dataset\normal\normal_archive_(2)_Bics_Bicycle___Sound_Effect___Bicycle_Sound___White_Noise_131_000.wav,normal,archive_(2)_Bics_Bicycle___Sound_Effect___Bicycle_Sound___White_Noise_131.wav,3
dataset\normal\normal_archive_(2)_Bics_Bicycle___Sound_Effect___Bicycle_Sound___White_Noise_132_000.wav,normal,archive_(2)_Bics_Bicycle___Sound_Effect___Bicycle_Sound___White_Noise_132.wav,2
dataset\normal\normal_archive_(2)_Bics_Bicycle___Sound_Effect___Bicycle_Sound___White_Noise_133_000.wav,normal,archive_(2)_Bics_Bicycle___Sound_Effect___Bicycle_Sound___White_Noise_133.wav,0
dataset\normal\normal_archive_(2)_bus_Bus_Driving_Sound_1_HOUR_093_000.wav,normal,archive_(2)_bus_Bus_Driving_Sound_1_HOUR_093.wav,0
dataset\normal\normal_archive_(2)_bus_Bus_Driving_Sound_1_HOUR_094_000.wav,normal,archive_(2)_bus_Bus_Driving_Sound_1_HOUR_094.wav,2
dataset\normal\normal_archive_(2)_bus_Bus_Driving_Sound_1_HOUR_095_000.wav,normal,archive_(2)_bus_Bus_Driving_Sound_1_HOUR_095.wav,0
dataset\normal\normal_archive_(2)_bus_Bus_Driving_Sound_1_HOUR_096_000.wav,normal,archive_(2)_bus_Bus_Driving_Sound_1_HOUR_096.wav,1
dataset\normal\normal_archive_(2)_bus_Bus_Driving_Sound_1_HOUR_097_000.wav,normal,archive_(2)_bus_Bus_Driving_Sound_1_HOUR_097.wav,2
dataset\normal\normal_archive_(2)_bus_Bus_Driving_Sound_1_HOUR_098_000.wav,normal,archive_(2)_bus_Bus_Driving_Sound_1_HOUR_098.wav,1
dataset\normal\normal_archive_(2)_bus_Bus_Driving_Sound_1_HOUR_099_000.wav,normal,archive_(2)_bus_Bus_Driving_Sound_1_HOUR_099.wav,4
dataset\normal\normal_archive_(2)_bus_Bus_Driving_Sound_1_HOUR_100_000.wav,normal,archive_(2)_bus_Bus_Driving_Sound_1_HOUR_100.wav,0
dataset\normal\normal_archive_(2)_bus_Bus_Driving_Sound_1_HOUR_101_000.wav,normal,archive_(2)_bus_Bus_Driving_Sound_1_HOUR_101.wav,0
dataset\normal\normal_archive_(2)_bus_Bus_Driving_Sound_1_HOUR_102_000.wav,normal,archive_(2)_bus_Bus_Driving_Sound_1_HOUR_102.wav,1
dataset\normal\normal_archive_(2)_bus_Bus_Driving_Sound_1_HOUR_103_000.wav,normal,archive_(2)_bus_Bus_Driving_Sound_1_HOUR_103.wav,4
dataset\normal\normal_archive_(2)_bus_Bus_Driving_Sound_1_HOUR_104_000.wav,normal,archive_(2)_bus_Bus_Driving_Sound_1_HOUR_104.wav,4
dataset\normal\normal_archive_(2)_bus_Bus_Driving_Sound_1_HOUR_105_000.wav,normal,archive_(2)_bus_Bus_Driving_Sound_1_HOUR_105.wav,0
dataset\normal\normal_archive_(2)_bus_Bus_Driving_Sound_1_HOUR_106_000.wav,normal,archive_(2)_bus_Bus_Driving_Sound_1_HOUR_106.wav,2
dataset\normal\normal_archive_(2)_bus_Bus_Driving_Sound_1_HOUR_107_000.wav,normal,archive_(2)_bus_Bus_Driving_Sound_1_HOUR_107.wav,4
dataset\normal\normal_archive_(2)_bus_Bus_Driving_Sound_1_HOUR_108_000.wav,normal,archive_(2)_bus_Bus_Driving_Sound_1_HOUR_108.wav,0
dataset\normal\normal_archive_(2)_bus_Bus_Driving_Sound_1_HOUR_109_000.wav,normal,archive_(2)_bus_Bus_Driving_Sound_1_HOUR_109.wav,2
dataset\normal\normal_archive_(2)_bus_Bus_Driving_Sound_1_HOUR_110_000.wav,normal,archive_(2)_bus_Bus_Driving_Sound_1_HOUR_110.wav,4
dataset\normal\normal_archive_(2)_bus_Bus_Driving_Sound_1_HOUR_111_000.wav,normal,archive_(2)_bus_Bus_Driving_Sound_1_HOUR_111.wav,4
dataset\normal\normal_archive_(2)_bus_Bus_Driving_Sound_1_HOUR_112_000.wav,normal,archive_(2)_bus_Bus_Driving_Sound_1_HOUR_112.wav,0
dataset\normal\normal_archive_(2)_bus_Bus_Driving_Sound_1_HOUR_113_000.wav,normal,archive_(2)_bus_Bus_Driving_Sound_1_HOUR_113.wav,3
dataset\normal\normal_archive_(2)_bus_Bus_Driving_Sound_1_HOUR_114_000.wav,normal,archive_(2)_bus_Bus_Driving_Sound_1_HOUR_114.wav,4
dataset\normal\normal_archive_(2)_bus_Bus_Driving_Sound_1_HOUR_115_000.wav,normal,archive_(2)_bus_Bus_Driving_Sound_1_HOUR_115.wav,3
dataset\normal\normal_archive_(2)_bus_Bus_Driving_Sound_1_HOUR_116_000.wav,normal,archive_(2)_bus_Bus_Driving_Sound_1_HOUR_116.wav,2
dataset\normal\normal_archive_(2)_bus_Bus_Driving_Sound_1_HOUR_117_000.wav,normal,archive_(2)_bus_Bus_Driving_Sound_1_HOUR_117.wav,2
dataset\normal\normal_archive_(2)_bus_Bus_Driving_Sound_1_HOUR_118_000.wav,normal,archive_(2)_bus_Bus_Driving_Sound_1_HOUR_118.wav,3
dataset\normal\normal_archive_(2)_bus_Bus_Driving_Sound_1_HOUR_119_000.wav,normal,archive_(2)_bus_Bus_Driving_Sound_1_HOUR_119.wav,4
dataset\normal\normal_archive_(2)_bus_Bus_Driving_Sound_1_HOUR_120_000.wav,normal,archive_(2)_bus_Bus_Driving_Sound_1_HOUR_120.wav,0
dataset\normal\normal_archive_(2)_bus_Bus_Driving_Sound_1_HOUR_121_000.wav,normal,archive_(2)_bus_Bus_Driving_Sound_1_HOUR_121.wav,4
dataset\normal\normal_archive_(2)_bus_Bus_Driving_Sound_1_HOUR_122_000.wav,normal,archive_(2)_bus_Bus_Driving_Sound_1_HOUR_122.wav,1
dataset\normal\normal_archive_(2)_bus_Bus_Driving_Sound_1_HOUR_123_000.wav,normal,archive_(2)_bus_Bus_Driving_Sound_1_HOUR_123.wav,1
dataset\normal\normal_archive_(2)_bus_Bus_Driving_Sound_1_HOUR_124_000.wav,normal,archive_(2)_bus_Bus_Driving_Sound_1_HOUR_124.wav,2
dataset\normal\normal_archive_(2)_bus_Bus_Driving_Sound_1_HOUR_125_000.wav,normal,archive_(2)_bus_Bus_Driving_Sound_1_HOUR_125.wav,3
dataset\normal\normal_archive_(2)_bus_Bus_Driving_Sound_1_HOUR_126_000.wav,normal,archive_(2)_bus_Bus_Driving_Sound_1_HOUR_126.wav,0
dataset\normal\normal_archive_(2)_bus_Bus_Driving_Sound_1_HOUR_127_000.wav,normal,archive_(2)_bus_Bus_Driving_Sound_1_HOUR_127.wav,1
dataset\normal\normal_archive_(2)_bus_Bus_Driving_Sound_1_HOUR_128_000.wav,normal,archive_(2)_bus_Bus_Driving_Sound_1_HOUR_128.wav,2
dataset\normal\normal_archive_(2)_bus_Bus_Driving_Sound_1_HOUR_129_000.wav,normal,archive_(2)_bus_Bus_Driving_Sound_1_HOUR_129.wav,3
dataset\normal\normal_archive_(2)_bus_Bus_Driving_Sound_1_HOUR_130_000.wav,normal,archive_(2)_bus_Bus_Driving_Sound_1_HOUR_130.wav,0
dataset\normal\normal_archive_(2)_bus_Bus_Driving_Sound_1_HOUR_131_000.wav,normal,archive_(2)_bus_Bus_Driving_Sound_1_HOUR_131.wav,2
dataset\normal\normal_archive_(2)_bus_Bus_Driving_Sound_1_HOUR_132_000.wav,normal,archive_(2)_bus_Bus_Driving_Sound_1_HOUR_132.wav,0
dataset\normal\normal_archive_(2)_bus_Bus_Driving_Sound_1_HOUR_133_000.wav,normal,archive_(2)_bus_Bus_Driving_Sound_1_HOUR_133.wav,3
dataset\normal\normal_archive_(2)_bus_Bus_Driving_Sound_1_HOUR_134_000.wav,normal,archive_(2)_bus_Bus_Driving_Sound_1_HOUR_134.wav,0
dataset\normal\normal_archive_(2)_bus_Bus_Driving_Sound_1_HOUR_135_000.wav,normal,archive_(2)_bus_Bus_Driving_Sound_1_HOUR_135.wav,4
dataset\normal\normal_archive_(2)_bus_Bus_Driving_Sound_1_HOUR_136_000.wav,normal,archive_(2)_bus_Bus_Driving_Sound_1_HOUR_136.wav,4
dataset\normal\normal_archive_(2)_bus_Bus_Driving_Sound_1_HOUR_137_000.wav,normal,archive_(2)_bus_Bus_Driving_Sound_1_HOUR_137.wav,2
dataset\normal\normal_archive_(2)_bus_Bus_Driving_Sound_1_HOUR_152_000.wav,normal,archive_(2)_bus_Bus_Driving_Sound_1_HOUR_152.wav,4
dataset\normal\normal_archive_(2)_bus_Bus_Driving_Sound_1_HOUR_153_000.wav,normal,archive_(2)_bus_Bus_Driving_Sound_1_HOUR_153.wav,4
dataset\normal\normal_archive_(2)_bus_Bus_Driving_Sound_1_HOUR_154_000.wav,normal,archive_(2)_bus_Bus_Driving_Sound_1_HOUR_154.wav,0
dataset\normal\normal_archive_(2)_bus_Bus_Driving_Sound_1_HOUR_155_000.wav,normal,archive_(2)_bus_Bus_Driving_Sound_1_HOUR_155.wav,0
dataset\normal\normal_archive_(2)_bus_Bus_Driving_Sound_1_HOUR_156_000.wav,normal,archive_(2)_bus_Bus_Driving_Sound_1_HOUR_156.wav,0
dataset\normal\normal_archive_(2)_bus_Bus_Driving_Sound_1_HOUR_157_000.wav,normal,archive_(2)_bus_Bus_Driving_Sound_1_HOUR_157.wav,0
dataset\normal\normal_archive_(2)_bus_Bus_Driving_Sound_1_HOUR_158_000.wav,normal,archive_(2)_bus_Bus_Driving_Sound_1_HOUR_158.wav,4
dataset\normal\normal_archive_(2)_bus_Bus_Driving_Sound_1_HOUR_159_000.wav,normal,archive_(2)_bus_Bus_Driving_Sound_1_HOUR_159.wav,0
dataset\normal\normal_archive_(2)_bus_Bus_Driving_Sound_1_HOUR_160_000.wav,normal,archive_(2)_bus_Bus_Driving_Sound_1_HOUR_160.wav,2
dataset\normal\normal_archive_(2)_bus_Bus_Driving_Sound_1_HOUR_161_000.wav,normal,archive_(2)_bus_Bus_Driving_Sound_1_HOUR_161.wav,1
dataset\normal\normal_archive_(2)_bus_Bus_Driving_Sound_1_HOUR_162_000.wav,normal,archive_(2)_bus_Bus_Driving_Sound_1_HOUR_162.wav,3
dataset\normal\normal_archive_(2)_bus_Bus_Driving_Sound_1_HOUR_163_000.wav,normal,archive_(2)_bus_Bus_Driving_Sound_1_HOUR_163.wav,1
dataset\normal\normal_archive_(2)_bus_Bus_Driving_Sound_1_HOUR_164_000.wav,normal,archive_(2)_bus_Bus_Driving_Sound_1_HOUR_164.wav,4
dataset\normal\normal_archive_(2)_bus_Bus_Driving_Sound_1_HOUR_165_000.wav,normal,archive_(2)_bus_Bus_Driving_Sound_1_HOUR_165.wav,4
dataset\normal\normal_archive_(2)_bus_Bus_Driving_Sound_1_HOUR_166_000.wav,normal,archive_(2)_bus_Bus_Driving_Sound_1_HOUR_166.wav,3
dataset\normal\normal_archive_(2)_bus_Bus_Driving_Sound_1_HOUR_167_000.wav,normal,archive_(2)_bus_Bus_Driving_Sound_1_HOUR_167.wav,1
dataset\normal\normal_archive_(2)_bus_Bus_Driving_Sound_1_HOUR_168_000.wav,normal,archive_(2)_bus_Bus_Driving_Sound_1_HOUR_168.wav,1
dataset\normal\normal_archive_(2)_bus_Bus_Driving_Sound_1_HOUR_169_000.wav,normal,archive_(2)_bus_Bus_Driving_Sound_1_HOUR_169.wav,0
dataset\normal\normal_archive_(2)_bus_Bus_Driving_Sound_1_HOUR_170_000.wav,normal,archive_(2)_bus_Bus_Driving_Sound_1_HOUR_170.wav,1
dataset\normal\normal_archive_(2)_bus_Bus_Driving_Sound_1_HOUR_171_000.wav,normal,archive_(2)_bus_Bus_Driving_Sound_1_HOUR_171.wav,2
dataset\normal\normal_archive_(2)_bus_Bus_Driving_Sound_1_HOUR_172_000.wav,normal,archive_(2)_bus_Bus_Driving_Sound_1_HOUR_172.wav,4
dataset\normal\normal_archive_(2)_bus_Bus_Driving_Sound_1_HOUR_173_000.wav,normal,archive_(2)_bus_Bus_Driving_Sound_1_HOUR_173.wav,3
dataset\normal\normal_archive_(2)_bus_Bus_Driving_Sound_1_HOUR_174_000.wav,normal,archive_(2)_bus_Bus_Driving_Sound_1_HOUR_174.wav,0
dataset\normal\normal_archive_(2)_bus_Bus_Driving_Sound_1_HOUR_175_000.wav,normal,archive_(2)_bus_Bus_Driving_Sound_1_HOUR_175.wav,1
dataset\normal\normal_archive_(2)_bus_Bus_Driving_Sound_1_HOUR_176_000.wav,normal,archive_(2)_bus_Bus_Driving_Sound_1_HOUR_176.wav,3
dataset\normal\normal_archive_(2)_bus_Bus_Driving_Sound_1_HOUR_177_000.wav,normal,archive_(2)_bus_Bus_Driving_Sound_1_HOUR_177.wav,4
dataset\normal\normal_archive_(2)_bus_Bus_Driving_Sound_1_HOUR_178_000.wav,normal,archive_(2)_bus_Bus_Driving_Sound_1_HOUR_178.wav,0
dataset\normal\normal_archive_(2)_bus_Bus_Driving_Sound_1_HOUR_179_000.wav,normal,archive_(2)_bus_Bus_Driving_Sound_1_HOUR_179.wav,4
dataset\normal\normal_archive_(2)_bus_Bus_Driving_Sound_1_HOUR_180_000.wav,normal,archive_(2)_bus_Bus_Driving_Sound_1_HOUR_180.wav,0
dataset\normal\normal_archive_(2)_bus_Bus_Driving_Sound_1_HOUR_181_000.wav,normal,archive_(2)_bus_Bus_Driving_Sound_1_HOUR_181.wav,3
dataset\normal\normal_archive_(2)_bus_Bus_Driving_Sound_1_HOUR_182_000.wav,normal,archive_(2)_bus_Bus_Driving_Sound_1_HOUR_182.wav,2
dataset\normal\normal_archive_(2)_bus_Bus_Driving_Sound_1_HOUR_183_000.wav,normal,archive_(2)_bus_Bus_Driving_Sound_1_HOUR_183.wav,3
dataset\normal\normal_archive_(2)_bus_Bus_Driving_Sound_1_HOUR_184_000.wav,normal,archive_(2)_bus_Bus_Driving_Sound_1_HOUR_184.wav,0
dataset\normal\normal_archive_(2)_bus_Bus_Driving_Sound_1_HOUR_185_000.wav,normal,archive_(2)_bus_Bus_Driving_Sound_1_HOUR_185.wav,4
dataset\normal\normal_archive_(2)_bus_Bus_Driving_Sound_1_HOUR_186_000.wav,normal,archive_(2)_bus_Bus_Driving_Sound_1_HOUR_186.wav,4
dataset\normal\normal_archive_(2)_bus_Bus_Driving_Sound_1_HOUR_187_000.wav,normal,archive_(2)_bus_Bus_Driving_Sound_1_HOUR_187.wav,0
dataset\normal\normal_archive_(2)_bus_Bus_Driving_Sound_1_HOUR_188_000.wav,normal,archive_(2)_bus_Bus_Driving_Sound_1_HOUR_188.wav,4
dataset\normal\normal_archive_(2)_bus_Bus_Driving_Sound_1_HOUR_189_000.wav,normal,archive_(2)_bus_Bus_Driving_Sound_1_HOUR_189.wav,2
dataset\normal\normal_archive_(2)_bus_Bus_Driving_Sound_1_HOUR_190_000.wav,normal,archive_(2)_bus_Bus_Driving_Sound_1_HOUR_190.wav,2
dataset\normal\normal_archive_(2)_bus_Bus_Driving_Sound_1_HOUR_191_000.wav,normal,archive_(2)_bus_Bus_Driving_Sound_1_HOUR_191.wav,0
dataset\normal\normal_archive_(2)_bus_Bus_Driving_Sound_1_HOUR_192_000.wav,normal,archive_(2)_bus_Bus_Driving_Sound_1_HOUR_192.wav,3
dataset\normal\normal_archive_(2)_bus_Bus_Driving_Sound_1_HOUR_193_000.wav,normal,archive_(2)_bus_Bus_Driving_Sound_1_HOUR_193.wav,2
dataset\normal\normal_archive_(2)_bus_Bus_Driving_Sound_1_HOUR_194_000.wav,normal,archive_(2)_bus_Bus_Driving_Sound_1_HOUR_194.wav,3
dataset\normal\normal_archive_(2)_bus_Bus_Driving_Sound_1_HOUR_195_000.wav,normal,archive_(2)_bus_Bus_Driving_Sound_1_HOUR_195.wav,4
dataset\normal\normal_archive_(2)_bus_Bus_Driving_Sound_1_HOUR_196_000.wav,normal,archive_(2)_bus_Bus_Driving_Sound_1_HOUR_196.wav,3
dataset\normal\normal_archive_(2)_bus_Bus_Driving_Sound_1_HOUR_197_000.wav,normal,archive_(2)_bus_Bus_Driving_Sound_1_HOUR_197.wav,2
dataset\normal\normal_archive_(2)_bus_Bus_Driving_Sound_1_HOUR_198_000.wav,normal,archive_(2)_bus_Bus_Driving_Sound_1_HOUR_198.wav,1
dataset\normal\normal_archive_(2)_bus_Bus_Driving_Sound_1_HOUR_199_000.wav,normal,archive_(2)_bus_Bus_Driving_Sound_1_HOUR_199.wav,4
dataset\normal\normal_archive_(2)_bus_Bus_Driving_Sound_1_HOUR_200_000.wav,normal,archive_(2)_bus_Bus_Driving_Sound_1_HOUR_200.wav,1
dataset\normal\normal_archive_(2)_bus_Bus_Driving_Sound_1_HOUR_201_000.wav,normal,archive_(2)_bus_Bus_Driving_Sound_1_HOUR_201.wav,1
dataset\normal\normal_archive_(2)_bus_Bus_Driving_Sound_1_HOUR_202_000.wav,normal,archive_(2)_bus_Bus_Driving_Sound_1_HOUR_202.wav,2
dataset\normal\normal_archive_(2)_bus_Bus_Driving_Sound_1_HOUR_203_000.wav,normal,archive_(2)_bus_Bus_Driving_Sound_1_HOUR_203.wav,4
dataset\normal\normal_archive_(2)_bus_Bus_Driving_Sound_1_HOUR_204_000.wav,normal,archive_(2)_bus_Bus_Driving_Sound_1_HOUR_204.wav,3
dataset\normal\normal_archive_(2)_bus_Bus_Driving_Sound_1_HOUR_205_000.wav,normal,archive_(2)_bus_Bus_Driving_Sound_1_HOUR_205.wav,3
dataset\normal\normal_archive_(2)_bus_Bus_Driving_Sound_1_HOUR_206_000.wav,normal,archive_(2)_bus_Bus_Driving_Sound_1_HOUR_206.wav,1
dataset\normal\normal_archive_(2)_bus_Bus_Driving_Sound_1_HOUR_207_000.wav,normal,archive_(2)_bus_Bus_Driving_Sound_1_HOUR_207.wav,2
dataset\normal\normal_archive_(2)_bus_Bus_Driving_Sound_1_HOUR_208_000.wav,normal,archive_(2)_bus_Bus_Driving_Sound_1_HOUR_208.wav,2
dataset\normal\normal_archive_(2)_bus_Bus_Driving_Sound_1_HOUR_209_000.wav,normal,archive_(2)_bus_Bus_Driving_Sound_1_HOUR_209.wav,2
dataset\normal\normal_archive_(2)_bus_Bus_Driving_Sound_1_HOUR_210_000.wav,normal,archive_(2)_bus_Bus_Driving_Sound_1_HOUR_210.wav,3
dataset\normal\normal_archive_(2)_bus_Bus_Driving_Sound_1_HOUR_211_000.wav,normal,archive_(2)_bus_Bus_Driving_Sound_1_HOUR_211.wav,4
dataset\normal\normal_archive_(2)_bus_Bus_Driving_Sound_1_HOUR_212_000.wav,normal,archive_(2)_bus_Bus_Driving_Sound_1_HOUR_212.wav,3
dataset\normal\normal_archive_(2)_bus_Bus_Driving_Sound_1_HOUR_213_000.wav,normal,archive_(2)_bus_Bus_Driving_Sound_1_HOUR_213.wav,1
dataset\normal\normal_archive_(2)_bus_Bus_Driving_Sound_1_HOUR_214_000.wav,normal,archive_(2)_bus_Bus_Driving_Sound_1_HOUR_214.wav,3
dataset\normal\normal_archive_(2)_bus_Bus_Driving_Sound_1_HOUR_215_000.wav,normal,archive_(2)_bus_Bus_Driving_Sound_1_HOUR_215.wav,4
dataset\normal\normal_archive_(2)_bus_Bus_Driving_Sound_1_HOUR_216_000.wav,normal,archive_(2)_bus_Bus_Driving_Sound_1_HOUR_216.wav,4
dataset\normal\normal_archive_(2)_bus_Bus_Driving_Sound_1_HOUR_217_000.wav,normal,archive_(2)_bus_Bus_Driving_Sound_1_HOUR_217.wav,2
dataset\normal\normal_archive_(2)_bus_Bus_Driving_Sound_1_HOUR_218_000.wav,normal,archive_(2)_bus_Bus_Driving_Sound_1_HOUR_218.wav,3
dataset\normal\normal_archive_(2)_bus_Bus_Driving_Sound_1_HOUR_219_000.wav,normal,archive_(2)_bus_Bus_Driving_Sound_1_HOUR_219.wav,4
dataset\normal\normal_archive_(2)_bus_Bus_Driving_Sound_1_HOUR_220_000.wav,normal,archive_(2)_bus_Bus_Driving_Sound_1_HOUR_220.wav,1
dataset\normal\normal_archive_(2)_bus_Bus_Driving_Sound_1_HOUR_221_000.wav,normal,archive_(2)_bus_Bus_Driving_Sound_1_HOUR_221.wav,2
dataset\normal\normal_archive_(2)_bus_Bus_Driving_Sound_1_HOUR_222_000.wav,normal,archive_(2)_bus_Bus_Driving_Sound_1_HOUR_222.wav,1
dataset\normal\normal_archive_(2)_bus_Bus_Driving_Sound_1_HOUR_223_000.wav,normal,archive_(2)_bus_Bus_Driving_Sound_1_HOUR_223.wav,0
dataset\normal\normal_archive_(2)_bus_Bus_Driving_Sound_1_HOUR_224_000.wav,normal,archive_(2)_bus_Bus_Driving_Sound_1_HOUR_224.wav,1
dataset\normal\normal_archive_(2)_bus_Bus_Driving_Sound_1_HOUR_225_000.wav,normal,archive_(2)_bus_Bus_Driving_Sound_1_HOUR_225.wav,0
dataset\normal\normal_archive_(2)_bus_Bus_Driving_Sound_1_HOUR_226_000.wav,normal,archive_(2)_bus_Bus_Driving_Sound_1_HOUR_226.wav,1
dataset\normal\normal_archive_(2)_bus_Bus_Driving_Sound_1_HOUR_227_000.wav,normal,archive_(2)_bus_Bus_Driving_Sound_1_HOUR_227.wav,3
dataset\normal\normal_archive_(2)_bus_Bus_Driving_Sound_1_HOUR_228_000.wav,normal,archive_(2)_bus_Bus_Driving_Sound_1_HOUR_228.wav,4
dataset\normal\normal_archive_(2)_bus_Bus_Driving_Sound_1_HOUR_229_000.wav,normal,archive_(2)_bus_Bus_Driving_Sound_1_HOUR_229.wav,3
dataset\normal\normal_archive_(2)_bus_Bus_Driving_Sound_1_HOUR_230_000.wav,normal,archive_(2)_bus_Bus_Driving_Sound_1_HOUR_230.wav,2
dataset\normal\normal_archive_(2)_bus_Bus_Driving_Sound_1_HOUR_231_000.wav,normal,archive_(2)_bus_Bus_Driving_Sound_1_HOUR_231.wav,2
dataset\normal\normal_archive_(2)_bus_Bus_Driving_Sound_1_HOUR_232_000.wav,normal,archive_(2)_bus_Bus_Driving_Sound_1_HOUR_232.wav,0
dataset\normal\normal_archive_(2)_bus_Bus_Driving_Sound_1_HOUR_233_000.wav,normal,archive_(2)_bus_Bus_Driving_Sound_1_HOUR_233.wav,3
dataset\normal\normal_archive_(2)_bus_Bus_Driving_Sound_1_HOUR_234_000.wav,normal,archive_(2)_bus_Bus_Driving_Sound_1_HOUR_234.wav,2
dataset\normal\normal_archive_(2)_bus_Bus_Driving_Sound_1_HOUR_235_000.wav,normal,archive_(2)_bus_Bus_Driving_Sound_1_HOUR_235.wav,4
dataset\normal\normal_archive_(2)_bus_Bus_Driving_Sound_1_HOUR_236_000.wav,normal,archive_(2)_bus_Bus_Driving_Sound_1_HOUR_236.wav,0
dataset\normal\normal_archive_(2)_bus_Bus_Driving_Sound_1_HOUR_237_000.wav,normal,archive_(2)_bus_Bus_Driving_Sound_1_HOUR_237.wav,4
dataset\normal\normal_archive_(2)_bus_Bus_Driving_Sound_1_HOUR_238_000.wav,normal,archive_(2)_bus_Bus_Driving_Sound_1_HOUR_238.wav,1
dataset\normal\normal_archive_(2)_bus_Bus_Driving_Sound_1_HOUR_239_000.wav,normal,archive_(2)_bus_Bus_Driving_Sound_1_HOUR_239.wav,3
dataset\normal\normal_archive_(2)_bus_Bus_Driving_Sound_1_HOUR_240_000.wav,normal,archive_(2)_bus_Bus_Driving_Sound_1_HOUR_240.wav,0
dataset\normal\normal_archive_(2)_bus_Bus_Driving_Sound_1_HOUR_241_000.wav,normal,archive_(2)_bus_Bus_Driving_Sound_1_HOUR_241.wav,0
dataset\normal\normal_archive_(2)_bus_Bus_Driving_Sound_1_HOUR_242_000.wav,normal,archive_(2)_bus_Bus_Driving_Sound_1_HOUR_242.wav,1
dataset\normal\normal_archive_(2)_bus_Bus_Driving_Sound_1_HOUR_243_000.wav,normal,archive_(2)_bus_Bus_Driving_Sound_1_HOUR_243.wav,2
dataset\normal\normal_archive_(2)_bus_Bus_Driving_Sound_1_HOUR_244_000.wav,normal,archive_(2)_bus_Bus_Driving_Sound_1_HOUR_244.wav,2
dataset\normal\normal_archive_(2)_bus_Bus_Driving_Sound_1_HOUR_245_000.wav,normal,archive_(2)_bus_Bus_Driving_Sound_1_HOUR_245.wav,3
dataset\normal\normal_archive_(2)_bus_Bus_Driving_Sound_1_HOUR_246_000.wav,normal,archive_(2)_bus_Bus_Driving_Sound_1_HOUR_246.wav,4
dataset\normal\normal_archive_(2)_bus_Bus_Driving_Sound_1_HOUR_247_000.wav,normal,archive_(2)_bus_Bus_Driving_Sound_1_HOUR_247.wav,3
dataset\normal\normal_archive_(2)_bus_Bus_Driving_Sound_1_HOUR_248_000.wav,normal,archive_(2)_bus_Bus_Driving_Sound_1_HOUR_248.wav,1
dataset\normal\normal_archive_(2)_bus_Bus_Driving_Sound_1_HOUR_249_000.wav,normal,archive_(2)_bus_Bus_Driving_Sound_1_HOUR_249.wav,1
dataset\normal\normal_archive_(2)_bus_Bus_Driving_Sound_1_HOUR_250_000.wav,normal,archive_(2)_bus_Bus_Driving_Sound_1_HOUR_250.wav,1
dataset\normal\normal_archive_(2)_bus_Bus_Driving_Sound_1_HOUR_251_000.wav,normal,archive_(2)_bus_Bus_Driving_Sound_1_HOUR_251.wav,0
dataset\normal\normal_archive_(2)_bus_Bus_Driving_Sound_1_HOUR_252_000.wav,normal,archive_(2)_bus_Bus_Driving_Sound_1_HOUR_252.wav,2
dataset\normal\normal_archive_(2)_bus_Bus_Driving_Sound_1_HOUR_253_000.wav,normal,archive_(2)_bus_Bus_Driving_Sound_1_HOUR_253.wav,1
dataset\normal\normal_archive_(2)_bus_Bus_Driving_Sound_1_HOUR_254_000.wav,normal,archive_(2)_bus_Bus_Driving_Sound_1_HOUR_254.wav,1
dataset\normal\normal_archive_(2)_bus_Bus_Driving_Sound_1_HOUR_255_000.wav,normal,archive_(2)_bus_Bus_Driving_Sound_1_HOUR_255.wav,3
dataset\normal\normal_archive_(2)_bus_Bus_Driving_Sound_1_HOUR_256_000.wav,normal,archive_(2)_bus_Bus_Driving_Sound_1_HOUR_256.wav,0
dataset\normal\normal_archive_(2)_Cars_Car_Passing_Sound_Effects_1_000.wav,normal,archive_(2)_Cars_Car_Passing_Sound_Effects_1.wav,4
dataset\normal\normal_archive_(2)_Cars_Car_Passing_Sound_Effects_2_000.wav,normal,archive_(2)_Cars_Car_Passing_Sound_Effects_2.wav,4
dataset\normal\normal_archive_(2)_Cars_Car_Passing_Sound_Effects_3_000.wav,normal,archive_(2)_Cars_Car_Passing_Sound_Effects_3.wav,4
dataset\normal\normal_archive_(2)_Cars_Car_Sound___Sound_effect___driving_1_000.wav,normal,archive_(2)_Cars_Car_Sound___Sound_effect___driving_1.wav,2
dataset\normal\normal_archive_(2)_Cars_Car_Sound___Sound_effect___driving_2_000.wav,normal,archive_(2)_Cars_Car_Sound___Sound_effect___driving_2.wav,1
dataset\normal\normal_archive_(2)_Cars_Car_Sound___Sound_effect___driving_3_000.wav,normal,archive_(2)_Cars_Car_Sound___Sound_effect___driving_3.wav,3
dataset\normal\normal_archive_(2)_Cars_Car_Sound___Sound_effect___driving_4_000.wav,normal,archive_(2)_Cars_Car_Sound___Sound_effect___driving_4.wav,3
dataset\normal\normal_archive_(2)_Cars_Car_Sound___Sound_effect___driving_5_000.wav,normal,archive_(2)_Cars_Car_Sound___Sound_effect___driving_5.wav,3
dataset\normal\normal_archive_(2)_Cars_Car_Sound___Sound_effect___driving_6_000.wav,normal,archive_(2)_Cars_Car_Sound___Sound_effect___driving_6.wav,3
dataset\normal\normal_archive_(2)_Cars_Corvette+pass_000.wav,normal,archive_(2)_Cars_Corvette+pass.wav,1
dataset\normal\normal_archive_(2)_Cars_inside_car_wet_driving_SBA_300062047_preview_01_000.wav,normal,archive_(2)_Cars_inside_car_wet_driving_SBA_300062047_preview_01.wav,3
dataset\normal\normal_archive_(2)_Cars_inside_car_wet_driving_SBA_300062047_preview_02_000.wav,normal,archive_(2)_Cars_inside_car_wet_driving_SBA_300062047_preview_02.wav,0
dataset\normal\normal_archive_(2)_Cars_inside_car_wet_driving_SBA_300062047_preview_03_000.wav,normal,archive_(2)_Cars_inside_car_wet_driving_SBA_300062047_preview_03.wav,4
dataset\normal\normal_archive_(2)_Cars_inside_car_wet_driving_SBA_300062047_preview_04_000.wav,normal,archive_(2)_Cars_inside_car_wet_driving_SBA_300062047_preview_04.wav,3
dataset\normal\normal_archive_(2)_Cars_inside_car_wet_driving_SBA_300062047_preview_05_000.wav,normal,archive_(2)_Cars_inside_car_wet_driving_SBA_300062047_preview_05.wav,2
dataset\normal\normal_archive_(2)_Cars_inside_car_wet_driving_SBA_300062047_preview_06_000.wav,normal,archive_(2)_Cars_inside_car_wet_driving_SBA_300062047_preview_06.wav,4
dataset\normal\normal_archive_(2)_Cars_inside_car_wet_driving_SBA_300062047_preview_07_000.wav,normal,archive_(2)_Cars_inside_car_wet_driving_SBA_300062047_preview_07.wav,0
dataset\normal\normal_archive_(2)_Cars_inside_car_wet_driving_SBA_300062047_preview_08_000.wav,normal,archive_(2)_Cars_inside_car_wet_driving_SBA_300062047_preview_08.wav,0
dataset\normal\normal_archive_(2)_Cars_inside_car_wet_driving_SBA_300062047_preview_09_000.wav,normal,archive_(2)_Cars_inside_car_wet_driving_SBA_300062047_preview_09.wav,1
dataset\normal\normal_archive_(2)_Cars_inside_car_wet_driving_SBA_300062047_preview_10_000.wav,normal,archive_(2)_Cars_inside_car_wet_driving_SBA_300062047_preview_10.wav,0
dataset\normal\normal_archive_(2)_Cars_inside_car_wet_driving_SBA_300062047_preview_11_000.wav,normal,archive_(2)_Cars_inside_car_wet_driving_SBA_300062047_preview_11.wav,3
dataset\normal\normal_archive_(2)_Cars_inside_car_wet_driving_SBA_300062047_preview_12_000.wav,normal,archive_(2)_Cars_inside_car_wet_driving_SBA_300062047_preview_12.wav,2
dataset\normal\normal_archive_(2)_Cars_inside_car_wet_driving_SBA_300062047_preview_13_000.wav,normal,archive_(2)_Cars_inside_car_wet_driving_SBA_300062047_preview_13.wav,0
dataset\normal\normal_archive_(2)_Cars_inside_car_wet_driving_SBA_300062047_preview_14_000.wav,normal,archive_(2)_Cars_inside_car_wet_driving_SBA_300062047_preview_14.wav,0
dataset\normal\normal_archive_(2)_Cars_inside_car_wet_driving_SBA_300062047_preview_15_000.wav,normal,archive_(2)_Cars_inside_car_wet_driving_SBA_300062047_preview_15.wav,0
dataset\normal\normal_archive_(2)_Cars_inside_car_wet_driving_SBA_300062047_preview_16_000.wav,normal,archive_(2)_Cars_inside_car_wet_driving_SBA_300062047_preview_16.wav,3
dataset\normal\normal_archive_(2)_Cars_inside_car_wet_driving_SBA_300062047_preview_17_000.wav,normal,archive_(2)_Cars_inside_car_wet_driving_SBA_300062047_preview_17.wav,0
dataset\normal\normal_archive_(2)_Cars_inside_car_wet_driving_SBA_300062047_preview_18_000.wav,normal,archive_(2)_Cars_inside_car_wet_driving_SBA_300062047_preview_18.wav,4
dataset\normal\normal_archive_(2)_Cars_inside_car_wet_driving_SBA_300062047_preview_19_000.wav,normal,archive_(2)_Cars_inside_car_wet_driving_SBA_300062047_preview_19.wav,1
dataset\normal\normal_archive_(2)_Cars_inside_car_wet_driving_SBA_300062047_preview_20_000.wav,normal,archive_(2)_Cars_inside_car_wet_driving_SBA_300062047_preview_20.wav,1
dataset\normal\normal_archive_(2)_Cars_inside_car_wet_driving_SBA_300062047_preview_21_000.wav,normal,archive_(2)_Cars_inside_car_wet_driving_SBA_300062047_preview_21.wav,2
dataset\normal\normal_archive_(2)_Cars_inside_car_wet_driving_SBA_300062047_preview_22_000.wav,normal,archive_(2)_Cars_inside_car_wet_driving_SBA_300062047_preview_22.wav,4
dataset\normal\normal_archive_(2)_Cars_inside_car_wet_driving_SBA_300062047_preview_23_000.wav,normal,archive_(2)_Cars_inside_car_wet_driving_SBA_300062047_preview_23.wav,4
dataset\normal\normal_archive_(2)_Cars_inside_car_wet_driving_SBA_300062047_preview_24_000.wav,normal,archive_(2)_Cars_inside_car_wet_driving_SBA_300062047_preview_24.wav,1
dataset\normal\normal_archive_(2)_Cars_inside_car_wet_driving_SBA_300062047_preview_25_000.wav,normal,archive_(2)_Cars_inside_car_wet_driving_SBA_300062047_preview_25.wav,4
dataset\normal\normal_archive_(2)_Cars_inside_car_wet_driving_SBA_300062047_preview_26_000.wav,normal,archive_(2)_Cars_inside_car_wet_driving_SBA_300062047_preview_26.wav,4
dataset\normal\normal_archive_(2)_Cars_mixkit_car_ignition_1535_1_000.wav,normal,archive_(2)_Cars_mixkit_car_ignition_1535_1.wav,2
dataset\normal\normal_archive_(2)_Cars_mixkit_car_ignition_1535_2_000.wav,normal,archive_(2)_Cars_mixkit_car_ignition_1535_2.wav,0
dataset\normal\normal_archive_(2)_Cars_mixkit_car_start_ignition_1559_000.wav,normal,archive_(2)_Cars_mixkit_car_start_ignition_1559.wav,0
dataset\normal\normal_archive_(2)_Cars_mixkit_cars_starting_1561_1_000.wav,normal,archive_(2)_Cars_mixkit_cars_starting_1561_1.wav,2
dataset\normal\normal_archive_(2)_Cars_mixkit_cars_starting_1561_2_000.wav,normal,archive_(2)_Cars_mixkit_cars_starting_1561_2.wav,3
dataset\normal\normal_archive_(2)_Cars_mixkit_cars_starting_1561_3_000.wav,normal,archive_(2)_Cars_mixkit_cars_starting_1561_3.wav,1
dataset\normal\normal_archive_(2)_Cars_mixkit_transport_car_start_1560_1_000.wav,normal,archive_(2)_Cars_mixkit_transport_car_start_1560_1.wav,1
dataset\normal\normal_archive_(2)_Cars_mixkit_transport_car_start_1560_2_000.wav,normal,archive_(2)_Cars_mixkit_transport_car_start_1560_2.wav,2
dataset\normal\normal_archive_(2)_Cars_Street_Sounds____60min__Sleep_Video_001_000.wav,normal,archive_(2)_Cars_Street_Sounds____60min__Sleep_Video_001.wav,0
dataset\normal\normal_archive_(2)_Cars_Street_Sounds____60min__Sleep_Video_002_000.wav,normal,archive_(2)_Cars_Street_Sounds____60min__Sleep_Video_002.wav,0
dataset\normal\normal_archive_(2)_Cars_Street_Sounds____60min__Sleep_Video_003_000.wav,normal,archive_(2)_Cars_Street_Sounds____60min__Sleep_Video_003.wav,4
dataset\normal\normal_archive_(2)_Cars_Street_Sounds____60min__Sleep_Video_004_000.wav,normal,archive_(2)_Cars_Street_Sounds____60min__Sleep_Video_004.wav,4
dataset\normal\normal_archive_(2)_Cars_Street_Sounds____60min__Sleep_Video_005_000.wav,normal,archive_(2)_Cars_Street_Sounds____60min__Sleep_Video_005.wav,3
dataset\normal\normal_archive_(2)_Cars_Street_Sounds____60min__Sleep_Video_006_000.wav,normal,archive_(2)_Cars_Street_Sounds____60min__Sleep_Video_006.wav,1
dataset\normal\normal_archive_(2)_Cars_Street_Sounds____60min__Sleep_Video_007_000.wav,normal,archive_(2)_Cars_Street_Sounds____60min__Sleep_Video_007.wav,0
dataset\normal\normal_archive_(2)_Cars_Street_Sounds____60min__Sleep_Video_008_000.wav,normal,archive_(2)_Cars_Street_Sounds____60min__Sleep_Video_008.wav,4
dataset\normal\normal_archive_(2)_Cars_Street_Sounds____60min__Sleep_Video_009_000.wav,normal,archive_(2)_Cars_Street_Sounds____60min__Sleep_Video_009.wav,4
dataset\normal\normal_archive_(2)_Cars_Street_Sounds____60min__Sleep_Video_010_000.wav,normal,archive_(2)_Cars_Street_Sounds____60min__Sleep_Video_010.wav,0
dataset\normal\normal_archive_(2)_Cars_Street_Sounds____60min__Sleep_Video_011_000.wav,normal,archive_(2)_Cars_Street_Sounds____60min__Sleep_Video_011.wav,4
dataset\normal\normal_archive_(2)_Cars_Street_Sounds____60min__Sleep_Video_012_000.wav,normal,archive_(2)_Cars_Street_Sounds____60min__Sleep_Video_012.wav,3
dataset\normal\normal_archive_(2)_Cars_Street_Sounds____60min__Sleep_Video_013_000.wav,normal,archive_(2)_Cars_Street_Sounds____60min__Sleep_Video_013.wav,1
dataset\normal\normal_archive_(2)_Cars_Street_Sounds____60min__Sleep_Video_014_000.wav,normal,archive_(2)_Cars_Street_Sounds____60min__Sleep_Video_014.wav,2
dataset\normal\normal_archive_(2)_Cars_Street_Sounds____60min__Sleep_Video_015_000.wav,normal,archive_(2)_Cars_Street_Sounds____60min__Sleep_Video_015.wav,4
dataset\normal\normal_archive_(2)_Cars_Street_Sounds____60min__Sleep_Video_016_000.wav,normal,archive_(2)_Cars_Street_Sounds____60min__Sleep_Video_016.wav,3
dataset\normal\normal_archive_(2)_Cars_Street_Sounds____60min__Sleep_Video_017_000.wav,normal,archive_(2)_Cars_Street_Sounds____60min__Sleep_Video_017.wav,3
dataset\normal\normal_archive_(2)_Cars_Street_Sounds____60min__Sleep_Video_018_000.wav,normal,archive_(2)_Cars_Street_Sounds____60min__Sleep_Video_018.wav,2
dataset\normal\normal_archive_(2)_Cars_Street_Sounds____60min__Sleep_Video_019_000.wav,normal,archive_(2)_Cars_Street_Sounds____60min__Sleep_Video_019.wav,4
dataset\normal\normal_archive_(2)_Cars_Street_Sounds____60min__Sleep_Video_020_000.wav,normal,archive_(2)_Cars_Street_Sounds____60min__Sleep_Video_020.wav,4
dataset\normal\normal_archive_(2)_Cars_Street_Sounds____60min__Sleep_Video_021_000.wav,normal,archive_(2)_Cars_Street_Sounds____60min__Sleep_Video_021.wav,4
dataset\normal\normal_archive_(2)_Cars_Street_Sounds____60min__Sleep_Video_022_000.wav,normal,archive_(2)_Cars_Street_Sounds____60min__Sleep_Video_022.wav,0
dataset\normal\normal_archive_(2)_Cars_Street_Sounds____60min__Sleep_Video_023_000.wav,normal,archive_(2)_Cars_Street_Sounds____60min__Sleep_Video_023.wav,4
dataset\normal\normal_archive_(2)_Cars_Street_Sounds____60min__Sleep_Video_024_000.wav,normal,archive_(2)_Cars_Street_Sounds____60min__Sleep_Video_024.wav,2
dataset\normal\normal_archive_(2)_Cars_Street_Sounds____60min__Sleep_Video_025_000.wav,normal,archive_(2)_Cars_Street_Sounds____60min__Sleep_Video_025.wav,2
dataset\normal\normal_archive_(2)_Cars_Street_Sounds____60min__Sleep_Video_026_000.wav,normal,archive_(2)_Cars_Street_Sounds____60min__Sleep_Video_026.wav,1
dataset\normal\normal_archive_(2)_Cars_Street_Sounds____60min__Sleep_Video_027_000.wav,normal,archive_(2)_Cars_Street_Sounds____60min__Sleep_Video_027.wav,1
dataset\normal\normal_archive_(2)_Cars_Street_Sounds____60min__Sleep_Video_028_000.wav,normal,archive_(2)_Cars_Street_Sounds____60min__Sleep_Video_028.wav,3
dataset\normal\normal_archive_(2)_Cars_Street_Sounds____60min__Sleep_Video_029_000.wav,normal,archive_(2)_Cars_Street_Sounds____60min__Sleep_Video_029.wav,1
dataset\normal\normal_archive_(2)_Cars_Street_Sounds____60min__Sleep_Video_030_000.wav,normal,archive_(2)_Cars_Street_Sounds____60min__Sleep_Video_030.wav,4
dataset\normal\normal_archive_(2)_Cars_Street_Sounds____60min__Sleep_Video_031_000.wav,normal,archive_(2)_Cars_Street_Sounds____60min__Sleep_Video_031.wav,4
dataset\normal\normal_archive_(2)_Cars_Street_Sounds____60min__Sleep_Video_032_000.wav,normal,archive_(2)_Cars_Street_Sounds____60min__Sleep_Video_032.wav,0
dataset\normal\normal_archive_(2)_Cars_Street_Sounds____60min__Sleep_Video_033_000.wav,normal,archive_(2)_Cars_Street_Sounds____60min__Sleep_Video_033.wav,3
dataset\normal\normal_archive_(2)_Cars_Street_Sounds____60min__Sleep_Video_034_000.wav,normal,archive_(2)_Cars_Street_Sounds____60min__Sleep_Video_034.wav,2
dataset\normal\normal_archive_(2)_Cars_Street_Sounds____60min__Sleep_Video_035_000.wav,normal,archive_(2)_Cars_Street_Sounds____60min__Sleep_Video_035.wav,1
dataset\normal\normal_archive_(2)_Cars_Street_Sounds____60min__Sleep_Video_036_000.wav,normal,archive_(2)_Cars_Street_Sounds____60min__Sleep_Video_036.wav,4
dataset\normal\normal_archive_(2)_Cars_Street_Sounds____60min__Sleep_Video_037_000.wav,normal,archive_(2)_Cars_Street_Sounds____60min__Sleep_Video_037.wav,0
dataset\normal\normal_archive_(2)_Cars_Street_Sounds____60min__Sleep_Video_038_000.wav,normal,archive_(2)_Cars_Street_Sounds____60min__Sleep_Video_038.wav,4
dataset\normal\normal_archive_(2)_Cars_Street_Sounds____60min__Sleep_Video_039_000.wav,normal,archive_(2)_Cars_Street_Sounds____60min__Sleep_Video_039.wav,2
dataset\normal\normal_archive_(2)_Cars_Street_Sounds____60min__Sleep_Video_040_000.wav,normal,archive_(2)_Cars_Street_Sounds____60min__Sleep_Video_040.wav,3
dataset\normal\normal_archive_(2)_Cars_Street_Sounds____60min__Sleep_Video_041_000.wav,normal,archive_(2)_Cars_Street_Sounds____60min__Sleep_Video_041.wav,4
dataset\normal\normal_archive_(2)_Cars_Street_Sounds____60min__Sleep_Video_042_000.wav,normal,archive_(2)_Cars_Street_Sounds____60min__Sleep_Video_042.wav,1
dataset\normal\normal_archive_(2)_Cars_Street_Sounds____60min__Sleep_Video_043_000.wav,normal,archive_(2)_Cars_Street_Sounds____60min__Sleep_Video_043.wav,1
dataset\normal\normal_archive_(2)_Cars_Street_Sounds____60min__Sleep_Video_044_000.wav,normal,archive_(2)_Cars_Street_Sounds____60min__Sleep_Video_044.wav,0
dataset\normal\normal_archive_(2)_Cars_Street_Sounds____60min__Sleep_Video_045_000.wav,normal,archive_(2)_Cars_Street_Sounds____60min__Sleep_Video_045.wav,1
dataset\normal\normal_archive_(2)_Cars_Street_Sounds____60min__Sleep_Video_046_000.wav,normal,archive_(2)_Cars_Street_Sounds____60min__Sleep_Video_046.wav,0
dataset\normal\normal_archive_(2)_Cars_Street_Sounds____60min__Sleep_Video_047_000.wav,normal,archive_(2)_Cars_Street_Sounds____60min__Sleep_Video_047.wav,0
dataset\normal\normal_archive_(2)_Cars_Street_Sounds____60min__Sleep_Video_048_000.wav,normal,archive_(2)_Cars_Street_Sounds____60min__Sleep_Video_048.wav,3
dataset\normal\normal_archive_(2)_Cars_Street_Sounds____60min__Sleep_Video_049_000.wav,normal,archive_(2)_Cars_Street_Sounds____60min__Sleep_Video_049.wav,4
dataset\normal\normal_archive_(2)_Cars_Street_Sounds____60min__Sleep_Video_050_000.wav,normal,archive_(2)_Cars_Street_Sounds____60min__Sleep_Video_050.wav,2
dataset\normal\normal_archive_(2)_Cars_Street_Sounds____60min__Sleep_Video_051_000.wav,normal,archive_(2)_Cars_Street_Sounds____60min__Sleep_Video_051.wav,4
dataset\normal\normal_archive_(2)_Cars_Street_Sounds____60min__Sleep_Video_052_000.wav,normal,archive_(2)_Cars_Street_Sounds____60min__Sleep_Video_052.wav,0
dataset\normal\normal_archive_(2)_Cars_Street_Sounds____60min__Sleep_Video_053_000.wav,normal,archive_(2)_Cars_Street_Sounds____60min__Sleep_Video_053.wav,1
dataset\normal\normal_archive_(2)_Cars_Street_Sounds____60min__Sleep_Video_054_000.wav,normal,archive_(2)_Cars_Street_Sounds____60min__Sleep_Video_054.wav,0
dataset\normal\normal_archive_(2)_Cars_Street_Sounds____60min__Sleep_Video_055_000.wav,normal,archive_(2)_Cars_Street_Sounds____60min__Sleep_Video_055.wav,4
dataset\normal\normal_archive_(2)_Cars_Street_Sounds____60min__Sleep_Video_056_000.wav,normal,archive_(2)_Cars_Street_Sounds____60min__Sleep_Video_056.wav,3
dataset\normal\normal_archive_(2)_Cars_Street_Sounds____60min__Sleep_Video_057_000.wav,normal,archive_(2)_Cars_Street_Sounds____60min__Sleep_Video_057.wav,2
dataset\normal\normal_archive_(2)_Cars_Street_Sounds____60min__Sleep_Video_058_000.wav,normal,archive_(2)_Cars_Street_Sounds____60min__Sleep_Video_058.wav,1
dataset\normal\normal_archive_(2)_Cars_Street_Sounds____60min__Sleep_Video_059_000.wav,normal,archive_(2)_Cars_Street_Sounds____60min__Sleep_Video_059.wav,1
dataset\normal\normal_archive_(2)_Cars_Street_Sounds____60min__Sleep_Video_060_000.wav,normal,archive_(2)_Cars_Street_Sounds____60min__Sleep_Video_060.wav,3
dataset\normal\normal_archive_(2)_Cars_Street_Sounds____60min__Sleep_Video_061_000.wav,normal,archive_(2)_Cars_Street_Sounds____60min__Sleep_Video_061.wav,2
dataset\normal\normal_archive_(2)_Cars_Street_Sounds____60min__Sleep_Video_062_000.wav,normal,archive_(2)_Cars_Street_Sounds____60min__Sleep_Video_062.wav,2
dataset\normal\normal_archive_(2)_Cars_Street_Sounds____60min__Sleep_Video_063_000.wav,normal,archive_(2)_Cars_Street_Sounds____60min__Sleep_Video_063.wav,3
dataset\normal\normal_archive_(2)_Cars_Street_Sounds____60min__Sleep_Video_064_000.wav,normal,archive_(2)_Cars_Street_Sounds____60min__Sleep_Video_064.wav,4
dataset\normal\normal_archive_(2)_Cars_Street_Sounds____60min__Sleep_Video_065_000.wav,normal,archive_(2)_Cars_Street_Sounds____60min__Sleep_Video_065.wav,3
dataset\normal\normal_archive_(2)_Cars_Street_Sounds____60min__Sleep_Video_066_000.wav,normal,archive_(2)_Cars_Street_Sounds____60min__Sleep_Video_066.wav,3
dataset\normal\normal_archive_(2)_Cars_Street_Sounds____60min__Sleep_Video_067_000.wav,normal,archive_(2)_Cars_Street_Sounds____60min__Sleep_Video_067.wav,4
dataset\normal\normal_archive_(2)_Cars_Street_Sounds____60min__Sleep_Video_068_000.wav,normal,archive_(2)_Cars_Street_Sounds____60min__Sleep_Video_068.wav,0
dataset\normal\normal_archive_(2)_Cars_Street_Sounds____60min__Sleep_Video_069_000.wav,normal,archive_(2)_Cars_Street_Sounds____60min__Sleep_Video_069.wav,1
dataset\normal\normal_archive_(2)_Cars_Street_Sounds____60min__Sleep_Video_070_000.wav,normal,archive_(2)_Cars_Street_Sounds____60min__Sleep_Video_070.wav,1
dataset\normal\normal_archive_(2)_Cars_Street_Sounds____60min__Sleep_Video_071_000.wav,normal,archive_(2)_Cars_Street_Sounds____60min__Sleep_Video_071.wav,2
dataset\normal\normal_archive_(2)_Cars_Street_Sounds____60min__Sleep_Video_072_000.wav,normal,archive_(2)_Cars_Street_Sounds____60min__Sleep_Video_072.wav,4
dataset\normal\normal_archive_(2)_Cars_Street_Sounds____60min__Sleep_Video_073_000.wav,normal,archive_(2)_Cars_Street_Sounds____60min__Sleep_Video_073.wav,4
dataset\normal\normal_archive_(2)_Cars_Street_Sounds____60min__Sleep_Video_074_000.wav,normal,archive_(2)_Cars_Street_Sounds____60min__Sleep_Video_074.wav,3
dataset\normal\normal_archive_(2)_Cars_Street_Sounds____60min__Sleep_Video_075_000.wav,normal,archive_(2)_Cars_Street_Sounds____60min__Sleep_Video_075.wav,0
dataset\normal\normal_archive_(2)_Cars_Street_Sounds____60min__Sleep_Video_076_000.wav,normal,archive_(2)_Cars_Street_Sounds____60min__Sleep_Video_076.wav,1
dataset\normal\normal_archive_(2)_Cars_Street_Sounds____60min__Sleep_Video_077_000.wav,normal,archive_(2)_Cars_Street_Sounds____60min__Sleep_Video_077.wav,1
dataset\normal\normal_archive_(2)_Cars_Street_Sounds____60min__Sleep_Video_078_000.wav,normal,archive_(2)_Cars_Street_Sounds____60min__Sleep_Video_078.wav,4
dataset\normal\normal_archive_(2)_Cars_Street_Sounds____60min__Sleep_Video_079_000.wav,normal,archive_(2)_Cars_Street_Sounds____60min__Sleep_Video_079.wav,0
dataset\normal\normal_archive_(2)_Cars_Street_Sounds____60min__Sleep_Video_080_000.wav,normal,archive_(2)_Cars_Street_Sounds____60min__Sleep_Video_080.wav,2
dataset\normal\normal_archive_(2)_Cars_Street_Sounds____60min__Sleep_Video_081_000.wav,normal,archive_(2)_Cars_Street_Sounds____60min__Sleep_Video_081.wav,3
dataset\normal\normal_archive_(2)_Cars_Street_Sounds____60min__Sleep_Video_082_000.wav,normal,archive_(2)_Cars_Street_Sounds____60min__Sleep_Video_082.wav,1
dataset\normal\normal_archive_(2)_Cars_Street_Sounds____60min__Sleep_Video_083_000.wav,normal,archive_(2)_Cars_Street_Sounds____60min__Sleep_Video_083.wav,2
dataset\normal\normal_archive_(2)_Cars_Street_Sounds____60min__Sleep_Video_084_000.wav,normal,archive_(2)_Cars_Street_Sounds____60min__Sleep_Video_084.wav,1
dataset\normal\normal_archive_(2)_Cars_Street_Sounds____60min__Sleep_Video_085_000.wav,normal,archive_(2)_Cars_Street_Sounds____60min__Sleep_Video_085.wav,0
dataset\normal\normal_archive_(2)_Cars_Street_Sounds____60min__Sleep_Video_086_000.wav,normal,archive_(2)_Cars_Street_Sounds____60min__Sleep_Video_086.wav,3
dataset\normal\normal_archive_(2)_Cars_Street_Sounds____60min__Sleep_Video_087_000.wav,normal,archive_(2)_Cars_Street_Sounds____60min__Sleep_Video_087.wav,2
dataset\normal\normal_archive_(2)_Cars_Street_Sounds____60min__Sleep_Video_088_000.wav,normal,archive_(2)_Cars_Street_Sounds____60min__Sleep_Video_088.wav,1
dataset\normal\normal_archive_(2)_Cars_Street_Sounds____60min__Sleep_Video_089_000.wav,normal,archive_(2)_Cars_Street_Sounds____60min__Sleep_Video_089.wav,3
dataset\normal\normal_archive_(2)_Cars_Street_Sounds____60min__Sleep_Video_090_000.wav,normal,archive_(2)_Cars_Street_Sounds____60min__Sleep_Video_090.wav,2
dataset\normal\normal_archive_(2)_Cars_Street_Sounds____60min__Sleep_Video_091_000.wav,normal,archive_(2)_Cars_Street_Sounds____60min__Sleep_Video_091.wav,1
dataset\normal\normal_archive_(2)_Cars_Street_Sounds____60min__Sleep_Video_092_000.wav,normal,archive_(2)_Cars_Street_Sounds____60min__Sleep_Video_092.wav,3
dataset\normal\normal_archive_(2)_Cars_Street_Sounds____60min__Sleep_Video_093_000.wav,normal,archive_(2)_Cars_Street_Sounds____60min__Sleep_Video_093.wav,0
dataset\normal\normal_archive_(2)_Cars_Street_Sounds____60min__Sleep_Video_094_000.wav,normal,archive_(2)_Cars_Street_Sounds____60min__Sleep_Video_094.wav,2
dataset\normal\normal_archive_(2)_Cars_Street_Sounds____60min__Sleep_Video_095_000.wav,normal,archive_(2)_Cars_Street_Sounds____60min__Sleep_Video_095.wav,3
dataset\normal\normal_archive_(2)_Cars_Street_Sounds____60min__Sleep_Video_096_000.wav,normal,archive_(2)_Cars_Street_Sounds____60min__Sleep_Video_096.wav,4
dataset\normal\normal_archive_(2)_Cars_Street_Sounds____60min__Sleep_Video_097_000.wav,normal,archive_(2)_Cars_Street_Sounds____60min__Sleep_Video_097.wav,4
dataset\normal\normal_archive_(2)_Cars_Street_Sounds____60min__Sleep_Video_098_000.wav,normal,archive_(2)_Cars_Street_Sounds____60min__Sleep_Video_098.wav,0
dataset\normal\normal_archive_(2)_Cars_Street_Sounds____60min__Sleep_Video_099_000.wav,normal,archive_(2)_Cars_Street_Sounds____60min__Sleep_Video_099.wav,2
dataset\normal\normal_archive_(2)_Cars_Street_Sounds____60min__Sleep_Video_100_000.wav,normal,archive_(2)_Cars_Street_Sounds____60min__Sleep_Video_100.wav,2
dataset\normal\normal_archive_(2)_Cars_Street_Sounds____60min__Sleep_Video_101_000.wav,normal,archive_(2)_Cars_Street_Sounds____60min__Sleep_Video_101.wav,1
dataset\normal\normal_archive_(2)_Cars_Street_Sounds____60min__Sleep_Video_102_000.wav,normal,archive_(2)_Cars_Street_Sounds____60min__Sleep_Video_102.wav,2
dataset\normal\normal_archive_(2)_Cars_Street_Sounds____60min__Sleep_Video_103_000.wav,normal,archive_(2)_Cars_Street_Sounds____60min__Sleep_Video_103.wav,0
dataset\normal\normal_archive_(2)_Cars_Street_Sounds____60min__Sleep_Video_104_000.wav,normal,archive_(2)_Cars_Street_Sounds____60min__Sleep_Video_104.wav,4
dataset\normal\normal_archive_(2)_Cars_Street_Sounds____60min__Sleep_Video_105_000.wav,normal,archive_(2)_Cars_Street_Sounds____60min__Sleep_Video_105.wav,4
dataset\normal\normal_archive_(2)_Cars_Street_Sounds____60min__Sleep_Video_106_000.wav,normal,archive_(2)_Cars_Street_Sounds____60min__Sleep_Video_106.wav,2
"dataset\normal\normal_archive_(2)_Motocycles_BIKERS_100___Best_of_Superbikes_Sounds,_Wheelie_and_Burnout_Ultimate_Compilation_001_000.wav",normal,"archive_(2)_Motocycles_BIKERS_100___Best_of_Superbikes_Sounds,_Wheelie_and_Burnout_Ultimate_Compilation_001.wav",2
"dataset\normal\normal_archive_(2)_Motocycles_BIKERS_100___Best_of_Superbikes_Sounds,_Wheelie_and_Burnout_Ultimate_Compilation_002_000.wav",normal,"archive_(2)_Motocycles_BIKERS_100___Best_of_Superbikes_Sounds,_Wheelie_and_Burnout_Ultimate_Compilation_002.wav",4
"dataset\normal\normal_archive_(2)_Motocycles_BIKERS_100___Best_of_Superbikes_Sounds,_Wheelie_and_Burnout_Ultimate_Compilation_003_000.wav",normal,"archive_(2)_Motocycles_BIKERS_100___Best_of_Superbikes_Sounds,_Wheelie_and_Burnout_Ultimate_Compilation_003.wav",0
"dataset\normal\normal_archive_(2)_Motocycles_BIKERS_100___Best_of_Superbikes_Sounds,_Wheelie_and_Burnout_Ultimate_Compilation_004_000.wav",normal,"archive_(2)_Motocycles_BIKERS_100___Best_of_Superbikes_Sounds,_Wheelie_and_Burnout_Ultimate_Compilation_004.wav",2
"dataset\normal\normal_archive_(2)_Motocycles_BIKERS_100___Best_of_Superbikes_Sounds,_Wheelie_and_Burnout_Ultimate_Compilation_005_000.wav",normal,"archive_(2)_Motocycles_BIKERS_100___Best_of_Superbikes_Sounds,_Wheelie_and_Burnout_Ultimate_Compilation_005.wav",2
"dataset\normal\normal_archive_(2)_Motocycles_BIKERS_100___Best_of_Superbikes_Sounds,_Wheelie_and_Burnout_Ultimate_Compilation_006_000.wav",normal,"archive_(2)_Motocycles_BIKERS_100___Best_of_Superbikes_Sounds,_Wheelie_and_Burnout_Ultimate_Compilation_006.wav",4
"dataset\normal\normal_archive_(2)_Motocycles_BIKERS_100___Best_of_Superbikes_Sounds,_Wheelie_and_Burnout_Ultimate_Compilation_007_000.wav",normal,"archive_(2)_Motocycles_BIKERS_100___Best_of_Superbikes_Sounds,_Wheelie_and_Burnout_Ultimate_Compilation_007.wav",4
"dataset\normal\normal_archive_(2)_Motocycles_BIKERS_100___Best_of_Superbikes_Sounds,_Wheelie_and_Burnout_Ultimate_Compilation_008_000.wav",normal,"archive_(2)_Motocycles_BIKERS_100___Best_of_Superbikes_Sounds,_Wheelie_and_Burnout_Ultimate_Compilation_008.wav",1
"dataset\normal\normal_archive_(2)_Motocycles_BIKERS_100___Best_of_Superbikes_Sounds,_Wheelie_and_Burnout_Ultimate_Compilation_009_000.wav",normal,"archive_(2)_Motocycles_BIKERS_100___Best_of_Superbikes_Sounds,_Wheelie_and_Burnout_Ultimate_Compilation_009.wav",1
"dataset\normal\normal_archive_(2)_Motocycles_BIKERS_100___Best_of_Superbikes_Sounds,_Wheelie_and_Burnout_Ultimate_Compilation_010_000.wav",normal,"archive_(2)_Motocycles_BIKERS_100___Best_of_Superbikes_Sounds,_Wheelie_and_Burnout_Ultimate_Compilation_010.wav",4
"dataset\normal\normal_archive_(2)_Motocycles_BIKERS_100___Best_of_Superbikes_Sounds,_Wheelie_and_Burnout_Ultimate_Compilation_011_000.wav",normal,"archive_(2)_Motocycles_BIKERS_100___Best_of_Superbikes_Sounds,_Wheelie_and_Burnout_Ultimate_Compilation_011.wav",3
"dataset\normal\normal_archive_(2)_Motocycles_BIKERS_100___Best_of_Superbikes_Sounds,_Wheelie_and_Burnout_Ultimate_Compilation_012_000.wav",normal,"archive_(2)_Motocycles_BIKERS_100___Best_of_Superbikes_Sounds,_Wheelie_and_Burnout_Ultimate_Compilation_012.wav",0
"dataset\normal\normal_archive_(2)_Motocycles_BIKERS_100___Best_of_Superbikes_Sounds,_Wheelie_and_Burnout_Ultimate_Compilation_013_000.wav",normal,"archive_(2)_Motocycles_BIKERS_100___Best_of_Superbikes_Sounds,_Wheelie_and_Burnout_Ultimate_Compilation_013.wav",1
"dataset\normal\normal_archive_(2)_Motocycles_BIKERS_100___Best_of_Superbikes_Sounds,_Wheelie_and_Burnout_Ultimate_Compilation_014_000.wav",normal,"archive_(2)_Motocycles_BIKERS_100___Best_of_Superbikes_Sounds,_Wheelie_and_Burnout_Ultimate_Compilation_014.wav",3
"dataset\normal\normal_archive_(2)_Motocycles_BIKERS_100___Best_of_Superbikes_Sounds,_Wheelie_and_Burnout_Ultimate_Compilation_015_000.wav",normal,"archive_(2)_Motocycles_BIKERS_100___Best_of_Superbikes_Sounds,_Wheelie_and_Burnout_Ultimate_Compilation_015.wav",0
"dataset\normal\normal_archive_(2)_Motocycles_BIKERS_100___Best_of_Superbikes_Sounds,_Wheelie_and_Burnout_Ultimate_Compilation_016_000.wav",normal,"archive_(2)_Motocycles_BIKERS_100___Best_of_Superbikes_Sounds,_Wheelie_and_Burnout_Ultimate_Compilation_016.wav",0
"dataset\normal\normal_archive_(2)_Motocycles_BIKERS_100___Best_of_Superbikes_Sounds,_Wheelie_and_Burnout_Ultimate_Compilation_017_000.wav",normal,"archive_(2)_Motocycles_BIKERS_100___Best_of_Superbikes_Sounds,_Wheelie_and_Burnout_Ultimate_Compilation_017.wav",2
"dataset\normal\normal_archive_(2)_Motocycles_BIKERS_100___Best_of_Superbikes_Sounds,_Wheelie_and_Burnout_Ultimate_Compilation_018_000.wav",normal,"archive_(2)_Motocycles_BIKERS_100___Best_of_Superbikes_Sounds,_Wheelie_and_Burnout_Ultimate_Compilation_018.wav",4
"dataset\normal\normal_archive_(2)_Motocycles_BIKERS_100___Best_of_Superbikes_Sounds,_Wheelie_and_Burnout_Ultimate_Compilation_019_000.wav",normal,"archive_(2)_Motocycles_BIKERS_100___Best_of_Superbikes_Sounds,_Wheelie_and_Burnout_Ultimate_Compilation_019.wav",0
"dataset\normal\normal_archive_(2)_Motocycles_BIKERS_100___Best_of_Superbikes_Sounds,_Wheelie_and_Burnout_Ultimate_Compilation_020_000.wav",normal,"archive_(2)_Motocycles_BIKERS_100___Best_of_Superbikes_Sounds,_Wheelie_and_Burnout_Ultimate_Compilation_020.wav",2
"dataset\normal\normal_archive_(2)_Motocycles_BIKERS_100___Best_of_Superbikes_Sounds,_Wheelie_and_Burnout_Ultimate_Compilation_021_000.wav",normal,"archive_(2)_Motocycles_BIKERS_100___Best_of_Superbikes_Sounds,_Wheelie_and_Burnout_Ultimate_Compilation_021.wav",4
"dataset\normal\normal_archive_(2)_Motocycles_BIKERS_100___Best_of_Superbikes_Sounds,_Wheelie_and_Burnout_Ultimate_Compilation_022_000.wav",normal,"archive_(2)_Motocycles_BIKERS_100___Best_of_Superbikes_Sounds,_Wheelie_and_Burnout_Ultimate_Compilation_022.wav",0
"dataset\normal\normal_archive_(2)_Motocycles_BIKERS_100___Best_of_Superbikes_Sounds,_Wheelie_and_Burnout_Ultimate_Compilation_023_000.wav",normal,"archive_(2)_Motocycles_BIKERS_100___Best_of_Superbikes_Sounds,_Wheelie_and_Burnout_Ultimate_Compilation_023.wav",1
"dataset\normal\normal_archive_(2)_Motocycles_BIKERS_100___Best_of_Superbikes_Sounds,_Wheelie_and_Burnout_Ultimate_Compilation_024_000.wav",normal,"archive_(2)_Motocycles_BIKERS_100___Best_of_Superbikes_Sounds,_Wheelie_and_Burnout_Ultimate_Compilation_024.wav",3
"dataset\normal\normal_archive_(2)_Motocycles_BIKERS_100___Best_of_Superbikes_Sounds,_Wheelie_and_Burnout_Ultimate_Compilation_025_000.wav",normal,"archive_(2)_Motocycles_BIKERS_100___Best_of_Superbikes_Sounds,_Wheelie_and_Burnout_Ultimate_Compilation_025.wav",2
"dataset\normal\normal_archive_(2)_Motocycles_BIKERS_100___Best_of_Superbikes_Sounds,_Wheelie_and_Burnout_Ultimate_Compilation_026_000.wav",normal,"archive_(2)_Motocycles_BIKERS_100___Best_of_Superbikes_Sounds,_Wheelie_and_Burnout_Ultimate_Compilation_026.wav",2
"dataset\normal\normal_archive_(2)_Motocycles_BIKERS_100___Best_of_Superbikes_Sounds,_Wheelie_and_Burnout_Ultimate_Compilation_027_000.wav",normal,"archive_(2)_Motocycles_BIKERS_100___Best_of_Superbikes_Sounds,_Wheelie_and_Burnout_Ultimate_Compilation_027.wav",2
"dataset\normal\normal_archive_(2)_Motocycles_BIKERS_100___Best_of_Superbikes_Sounds,_Wheelie_and_Burnout_Ultimate_Compilation_028_000.wav",normal,"archive_(2)_Motocycles_BIKERS_100___Best_of_Superbikes_Sounds,_Wheelie_and_Burnout_Ultimate_Compilation_028.wav",2
"dataset\normal\normal_archive_(2)_Motocycles_BIKERS_100___Best_of_Superbikes_Sounds,_Wheelie_and_Burnout_Ultimate_Compilation_029_000.wav",normal,"archive_(2)_Motocycles_BIKERS_100___Best_of_Superbikes_Sounds,_Wheelie_and_Burnout_Ultimate_Compilation_029.wav",3
"dataset\normal\normal_archive_(2)_Motocycles_BIKERS_100___Best_of_Superbikes_Sounds,_Wheelie_and_Burnout_Ultimate_Compilation_030_000.wav",normal,"archive_(2)_Motocycles_BIKERS_100___Best_of_Superbikes_Sounds,_Wheelie_and_Burnout_Ultimate_Compilation_030.wav",0
"dataset\normal\normal_archive_(2)_Motocycles_BIKERS_100___Best_of_Superbikes_Sounds,_Wheelie_and_Burnout_Ultimate_Compilation_031_000.wav",normal,"archive_(2)_Motocycles_BIKERS_100___Best_of_Superbikes_Sounds,_Wheelie_and_Burnout_Ultimate_Compilation_031.wav",3
"dataset\normal\normal_archive_(2)_Motocycles_BIKERS_100___Best_of_Superbikes_Sounds,_Wheelie_and_Burnout_Ultimate_Compilation_032_000.wav",normal,"archive_(2)_Motocycles_BIKERS_100___Best_of_Superbikes_Sounds,_Wheelie_and_Burnout_Ultimate_Compilation_032.wav",0
"dataset\normal\normal_archive_(2)_Motocycles_BIKERS_100___Best_of_Superbikes_Sounds,_Wheelie_and_Burnout_Ultimate_Compilation_033_000.wav",normal,"archive_(2)_Motocycles_BIKERS_100___Best_of_Superbikes_Sounds,_Wheelie_and_Burnout_Ultimate_Compilation_033.wav",2
"dataset\normal\normal_archive_(2)_Motocycles_BIKERS_100___Best_of_Superbikes_Sounds,_Wheelie_and_Burnout_Ultimate_Compilation_034_000.wav",normal,"archive_(2)_Motocycles_BIKERS_100___Best_of_Superbikes_Sounds,_Wheelie_and_Burnout_Ultimate_Compilation_034.wav",3
"dataset\normal\normal_archive_(2)_Motocycles_BIKERS_100___Best_of_Superbikes_Sounds,_Wheelie_and_Burnout_Ultimate_Compilation_035_000.wav",normal,"archive_(2)_Motocycles_BIKERS_100___Best_of_Superbikes_Sounds,_Wheelie_and_Burnout_Ultimate_Compilation_035.wav",3
"dataset\normal\normal_archive_(2)_Motocycles_BIKERS_100___Best_of_Superbikes_Sounds,_Wheelie_and_Burnout_Ultimate_Compilation_036_000.wav",normal,"archive_(2)_Motocycles_BIKERS_100___Best_of_Superbikes_Sounds,_Wheelie_and_Burnout_Ultimate_Compilation_036.wav",2
"dataset\normal\normal_archive_(2)_Motocycles_BIKERS_100___Best_of_Superbikes_Sounds,_Wheelie_and_Burnout_Ultimate_Compilation_037_000.wav",normal,"archive_(2)_Motocycles_BIKERS_100___Best_of_Superbikes_Sounds,_Wheelie_and_Burnout_Ultimate_Compilation_037.wav",2
"dataset\normal\normal_archive_(2)_Motocycles_BIKERS_100___Best_of_Superbikes_Sounds,_Wheelie_and_Burnout_Ultimate_Compilation_038_000.wav",normal,"archive_(2)_Motocycles_BIKERS_100___Best_of_Superbikes_Sounds,_Wheelie_and_Burnout_Ultimate_Compilation_038.wav",4
"dataset\normal\normal_archive_(2)_Motocycles_BIKERS_100___Best_of_Superbikes_Sounds,_Wheelie_and_Burnout_Ultimate_Compilation_039_000.wav",normal,"archive_(2)_Motocycles_BIKERS_100___Best_of_Superbikes_Sounds,_Wheelie_and_Burnout_Ultimate_Compilation_039.wav",2
"dataset\normal\normal_archive_(2)_Motocycles_BIKERS_100___Best_of_Superbikes_Sounds,_Wheelie_and_Burnout_Ultimate_Compilation_040_000.wav",normal,"archive_(2)_Motocycles_BIKERS_100___Best_of_Superbikes_Sounds,_Wheelie_and_Burnout_Ultimate_Compilation_040.wav",1
"dataset\normal\normal_archive_(2)_Motocycles_BIKERS_100___Best_of_Superbikes_Sounds,_Wheelie_and_Burnout_Ultimate_Compilation_041_000.wav",normal,"archive_(2)_Motocycles_BIKERS_100___Best_of_Superbikes_Sounds,_Wheelie_and_Burnout_Ultimate_Compilation_041.wav",3
"dataset\normal\normal_archive_(2)_Motocycles_BIKERS_100___Best_of_Superbikes_Sounds,_Wheelie_and_Burnout_Ultimate_Compilation_042_000.wav",normal,"archive_(2)_Motocycles_BIKERS_100___Best_of_Superbikes_Sounds,_Wheelie_and_Burnout_Ultimate_Compilation_042.wav",4
"dataset\normal\normal_archive_(2)_Motocycles_BIKERS_100___Best_of_Superbikes_Sounds,_Wheelie_and_Burnout_Ultimate_Compilation_043_000.wav",normal,"archive_(2)_Motocycles_BIKERS_100___Best_of_Superbikes_Sounds,_Wheelie_and_Burnout_Ultimate_Compilation_043.wav",0
"dataset\normal\normal_archive_(2)_Motocycles_BIKERS_100___Best_of_Superbikes_Sounds,_Wheelie_and_Burnout_Ultimate_Compilation_044_000.wav",normal,"archive_(2)_Motocycles_BIKERS_100___Best_of_Superbikes_Sounds,_Wheelie_and_Burnout_Ultimate_Compilation_044.wav",4
"dataset\normal\normal_archive_(2)_Motocycles_BIKERS_100___Best_of_Superbikes_Sounds,_Wheelie_and_Burnout_Ultimate_Compilation_045_000.wav",normal,"archive_(2)_Motocycles_BIKERS_100___Best_of_Superbikes_Sounds,_Wheelie_and_Burnout_Ultimate_Compilation_045.wav",2
"dataset\normal\normal_archive_(2)_Motocycles_BIKERS_100___Best_of_Superbikes_Sounds,_Wheelie_and_Burnout_Ultimate_Compilation_046_000.wav",normal,"archive_(2)_Motocycles_BIKERS_100___Best_of_Superbikes_Sounds,_Wheelie_and_Burnout_Ultimate_Compilation_046.wav",4
"dataset\normal\normal_archive_(2)_Motocycles_BIKERS_100___Best_of_Superbikes_Sounds,_Wheelie_and_Burnout_Ultimate_Compilation_047_000.wav",normal,"archive_(2)_Motocycles_BIKERS_100___Best_of_Superbikes_Sounds,_Wheelie_and_Burnout_Ultimate_Compilation_047.wav",4
"dataset\normal\normal_archive_(2)_Motocycles_BIKERS_100___Best_of_Superbikes_Sounds,_Wheelie_and_Burnout_Ultimate_Compilation_048_000.wav",normal,"archive_(2)_Motocycles_BIKERS_100___Best_of_Superbikes_Sounds,_Wheelie_and_Burnout_Ultimate_Compilation_048.wav",4
"dataset\normal\normal_archive_(2)_Motocycles_BIKERS_100___Best_of_Superbikes_Sounds,_Wheelie_and_Burnout_Ultimate_Compilation_049_000.wav",normal,"archive_(2)_Motocycles_BIKERS_100___Best_of_Superbikes_Sounds,_Wheelie_and_Burnout_Ultimate_Compilation_049.wav",3
"dataset\normal\normal_archive_(2)_Motocycles_BIKERS_100___Best_of_Superbikes_Sounds,_Wheelie_and_Burnout_Ultimate_Compilation_050_000.wav",normal,"archive_(2)_Motocycles_BIKERS_100___Best_of_Superbikes_Sounds,_Wheelie_and_Burnout_Ultimate_Compilation_050.wav",2
"dataset\normal\normal_archive_(2)_Motocycles_BIKERS_100___Best_of_Superbikes_Sounds,_Wheelie_and_Burnout_Ultimate_Compilation_051_000.wav",normal,"archive_(2)_Motocycles_BIKERS_100___Best_of_Superbikes_Sounds,_Wheelie_and_Burnout_Ultimate_Compilation_051.wav",3
"dataset\normal\normal_archive_(2)_Motocycles_BIKERS_100___Best_of_Superbikes_Sounds,_Wheelie_and_Burnout_Ultimate_Compilation_052_000.wav",normal,"archive_(2)_Motocycles_BIKERS_100___Best_of_Superbikes_Sounds,_Wheelie_and_Burnout_Ultimate_Compilation_052.wav",2
"dataset\normal\normal_archive_(2)_Motocycles_BIKERS_100___Best_of_Superbikes_Sounds,_Wheelie_and_Burnout_Ultimate_Compilation_053_000.wav",normal,"archive_(2)_Motocycles_BIKERS_100___Best_of_Superbikes_Sounds,_Wheelie_and_Burnout_Ultimate_Compilation_053.wav",2
"dataset\normal\normal_archive_(2)_Motocycles_BIKERS_100___Best_of_Superbikes_Sounds,_Wheelie_and_Burnout_Ultimate_Compilation_054_000.wav",normal,"archive_(2)_Motocycles_BIKERS_100___Best_of_Superbikes_Sounds,_Wheelie_and_Burnout_Ultimate_Compilation_054.wav",0
"dataset\normal\normal_archive_(2)_Motocycles_BIKERS_100___Best_of_Superbikes_Sounds,_Wheelie_and_Burnout_Ultimate_Compilation_055_000.wav",normal,"archive_(2)_Motocycles_BIKERS_100___Best_of_Superbikes_Sounds,_Wheelie_and_Burnout_Ultimate_Compilation_055.wav",4
"dataset\normal\normal_archive_(2)_Motocycles_BIKERS_100___Best_of_Superbikes_Sounds,_Wheelie_and_Burnout_Ultimate_Compilation_056_000.wav",normal,"archive_(2)_Motocycles_BIKERS_100___Best_of_Superbikes_Sounds,_Wheelie_and_Burnout_Ultimate_Compilation_056.wav",0
"dataset\normal\normal_archive_(2)_Motocycles_BIKERS_100___Best_of_Superbikes_Sounds,_Wheelie_and_Burnout_Ultimate_Compilation_057_000.wav",normal,"archive_(2)_Motocycles_BIKERS_100___Best_of_Superbikes_Sounds,_Wheelie_and_Burnout_Ultimate_Compilation_057.wav",2
"dataset\normal\normal_archive_(2)_Motocycles_BIKERS_100___Best_of_Superbikes_Sounds,_Wheelie_and_Burnout_Ultimate_Compilation_058_000.wav",normal,"archive_(2)_Motocycles_BIKERS_100___Best_of_Superbikes_Sounds,_Wheelie_and_Burnout_Ultimate_Compilation_058.wav",4
"dataset\normal\normal_archive_(2)_Motocycles_BIKERS_100___Best_of_Superbikes_Sounds,_Wheelie_and_Burnout_Ultimate_Compilation_059_000.wav",normal,"archive_(2)_Motocycles_BIKERS_100___Best_of_Superbikes_Sounds,_Wheelie_and_Burnout_Ultimate_Compilation_059.wav",2
"dataset\normal\normal_archive_(2)_Motocycles_BIKERS_100___Best_of_Superbikes_Sounds,_Wheelie_and_Burnout_Ultimate_Compilation_060_000.wav",normal,"archive_(2)_Motocycles_BIKERS_100___Best_of_Superbikes_Sounds,_Wheelie_and_Burnout_Ultimate_Compilation_060.wav",0
"dataset\normal\normal_archive_(2)_Motocycles_BIKERS_100___Best_of_Superbikes_Sounds,_Wheelie_and_Burnout_Ultimate_Compilation_061_000.wav",normal,"archive_(2)_Motocycles_BIKERS_100___Best_of_Superbikes_Sounds,_Wheelie_and_Burnout_Ultimate_Compilation_061.wav",2
"dataset\normal\normal_archive_(2)_Motocycles_BIKERS_100___Best_of_Superbikes_Sounds,_Wheelie_and_Burnout_Ultimate_Compilation_062_000.wav",normal,"archive_(2)_Motocycles_BIKERS_100___Best_of_Superbikes_Sounds,_Wheelie_and_Burnout_Ultimate_Compilation_062.wav",2
"dataset\normal\normal_archive_(2)_Motocycles_BIKERS_100___Best_of_Superbikes_Sounds,_Wheelie_and_Burnout_Ultimate_Compilation_063_000.wav",normal,"archive_(2)_Motocycles_BIKERS_100___Best_of_Superbikes_Sounds,_Wheelie_and_Burnout_Ultimate_Compilation_063.wav",1
"dataset\normal\normal_archive_(2)_Motocycles_BIKERS_100___Best_of_Superbikes_Sounds,_Wheelie_and_Burnout_Ultimate_Compilation_064_000.wav",normal,"archive_(2)_Motocycles_BIKERS_100___Best_of_Superbikes_Sounds,_Wheelie_and_Burnout_Ultimate_Compilation_064.wav",4
"dataset\normal\normal_archive_(2)_Motocycles_BIKERS_100___Best_of_Superbikes_Sounds,_Wheelie_and_Burnout_Ultimate_Compilation_065_000.wav",normal,"archive_(2)_Motocycles_BIKERS_100___Best_of_Superbikes_Sounds,_Wheelie_and_Burnout_Ultimate_Compilation_065.wav",4
"dataset\normal\normal_archive_(2)_Motocycles_BIKERS_100___Best_of_Superbikes_Sounds,_Wheelie_and_Burnout_Ultimate_Compilation_066_000.wav",normal,"archive_(2)_Motocycles_BIKERS_100___Best_of_Superbikes_Sounds,_Wheelie_and_Burnout_Ultimate_Compilation_066.wav",1
"dataset\normal\normal_archive_(2)_Motocycles_BIKERS_100___Best_of_Superbikes_Sounds,_Wheelie_and_Burnout_Ultimate_Compilation_067_000.wav",normal,"archive_(2)_Motocycles_BIKERS_100___Best_of_Superbikes_Sounds,_Wheelie_and_Burnout_Ultimate_Compilation_067.wav",4
"dataset\normal\normal_archive_(2)_Motocycles_BIKERS_100___Best_of_Superbikes_Sounds,_Wheelie_and_Burnout_Ultimate_Compilation_068_000.wav",normal,"archive_(2)_Motocycles_BIKERS_100___Best_of_Superbikes_Sounds,_Wheelie_and_Burnout_Ultimate_Compilation_068.wav",1
"dataset\normal\normal_archive_(2)_Motocycles_BIKERS_100___Best_of_Superbikes_Sounds,_Wheelie_and_Burnout_Ultimate_Compilation_069_000.wav",normal,"archive_(2)_Motocycles_BIKERS_100___Best_of_Superbikes_Sounds,_Wheelie_and_Burnout_Ultimate_Compilation_069.wav",1
"dataset\normal\normal_archive_(2)_Motocycles_BIKERS_100___Best_of_Superbikes_Sounds,_Wheelie_and_Burnout_Ultimate_Compilation_070_000.wav",normal,"archive_(2)_Motocycles_BIKERS_100___Best_of_Superbikes_Sounds,_Wheelie_and_Burnout_Ultimate_Compilation_070.wav",0
"dataset\normal\normal_archive_(2)_Motocycles_BIKERS_100___Best_of_Superbikes_Sounds,_Wheelie_and_Burnout_Ultimate_Compilation_071_000.wav",normal,"archive_(2)_Motocycles_BIKERS_100___Best_of_Superbikes_Sounds,_Wheelie_and_Burnout_Ultimate_Compilation_071.wav",2
"dataset\normal\normal_archive_(2)_Motocycles_BIKERS_100___Best_of_Superbikes_Sounds,_Wheelie_and_Burnout_Ultimate_Compilation_072_000.wav",normal,"archive_(2)_Motocycles_BIKERS_100___Best_of_Superbikes_Sounds,_Wheelie_and_Burnout_Ultimate_Compilation_072.wav",2
"dataset\normal\normal_archive_(2)_Motocycles_BIKERS_100___Best_of_Superbikes_Sounds,_Wheelie_and_Burnout_Ultimate_Compilation_073_000.wav",normal,"archive_(2)_Motocycles_BIKERS_100___Best_of_Superbikes_Sounds,_Wheelie_and_Burnout_Ultimate_Compilation_073.wav",3
"dataset\normal\normal_archive_(2)_Motocycles_BIKERS_100___Best_of_Superbikes_Sounds,_Wheelie_and_Burnout_Ultimate_Compilation_074_000.wav",normal,"archive_(2)_Motocycles_BIKERS_100___Best_of_Superbikes_Sounds,_Wheelie_and_Burnout_Ultimate_Compilation_074.wav",0
"dataset\normal\normal_archive_(2)_Motocycles_BIKERS_100___Best_of_Superbikes_Sounds,_Wheelie_and_Burnout_Ultimate_Compilation_075_000.wav",normal,"archive_(2)_Motocycles_BIKERS_100___Best_of_Superbikes_Sounds,_Wheelie_and_Burnout_Ultimate_Compilation_075.wav",4
"dataset\normal\normal_archive_(2)_Motocycles_BIKERS_100___Best_of_Superbikes_Sounds,_Wheelie_and_Burnout_Ultimate_Compilation_076_000.wav",normal,"archive_(2)_Motocycles_BIKERS_100___Best_of_Superbikes_Sounds,_Wheelie_and_Burnout_Ultimate_Compilation_076.wav",4
"dataset\normal\normal_archive_(2)_Motocycles_BIKERS_100___Best_of_Superbikes_Sounds,_Wheelie_and_Burnout_Ultimate_Compilation_077_000.wav",normal,"archive_(2)_Motocycles_BIKERS_100___Best_of_Superbikes_Sounds,_Wheelie_and_Burnout_Ultimate_Compilation_077.wav",2
"dataset\normal\normal_archive_(2)_Motocycles_BIKERS_100___Best_of_Superbikes_Sounds,_Wheelie_and_Burnout_Ultimate_Compilation_078_000.wav",normal,"archive_(2)_Motocycles_BIKERS_100___Best_of_Superbikes_Sounds,_Wheelie_and_Burnout_Ultimate_Compilation_078.wav",3
"dataset\normal\normal_archive_(2)_Motocycles_BIKERS_100___Best_of_Superbikes_Sounds,_Wheelie_and_Burnout_Ultimate_Compilation_079_000.wav",normal,"archive_(2)_Motocycles_BIKERS_100___Best_of_Superbikes_Sounds,_Wheelie_and_Burnout_Ultimate_Compilation_079.wav",2
"dataset\normal\normal_archive_(2)_Motocycles_BIKERS_100___Best_of_Superbikes_Sounds,_Wheelie_and_Burnout_Ultimate_Compilation_080_000.wav",normal,"archive_(2)_Motocycles_BIKERS_100___Best_of_Superbikes_Sounds,_Wheelie_and_Burnout_Ultimate_Compilation_080.wav",1
"dataset\normal\normal_archive_(2)_Motocycles_BIKERS_100___Best_of_Superbikes_Sounds,_Wheelie_and_Burnout_Ultimate_Compilation_081_000.wav",normal,"archive_(2)_Motocycles_BIKERS_100___Best_of_Superbikes_Sounds,_Wheelie_and_Burnout_Ultimate_Compilation_081.wav",0
"dataset\normal\normal_archive_(2)_Motocycles_BIKERS_100___Best_of_Superbikes_Sounds,_Wheelie_and_Burnout_Ultimate_Compilation_082_000.wav",normal,"archive_(2)_Motocycles_BIKERS_100___Best_of_Superbikes_Sounds,_Wheelie_and_Burnout_Ultimate_Compilation_082.wav",2
"dataset\normal\normal_archive_(2)_Motocycles_BIKERS_100___Best_of_Superbikes_Sounds,_Wheelie_and_Burnout_Ultimate_Compilation_083_000.wav",normal,"archive_(2)_Motocycles_BIKERS_100___Best_of_Superbikes_Sounds,_Wheelie_and_Burnout_Ultimate_Compilation_083.wav",0
"dataset\normal\normal_archive_(2)_Motocycles_BIKERS_100___Best_of_Superbikes_Sounds,_Wheelie_and_Burnout_Ultimate_Compilation_084_000.wav",normal,"archive_(2)_Motocycles_BIKERS_100___Best_of_Superbikes_Sounds,_Wheelie_and_Burnout_Ultimate_Compilation_084.wav",4
"dataset\normal\normal_archive_(2)_Motocycles_BIKERS_100___Best_of_Superbikes_Sounds,_Wheelie_and_Burnout_Ultimate_Compilation_085_000.wav",normal,"archive_(2)_Motocycles_BIKERS_100___Best_of_Superbikes_Sounds,_Wheelie_and_Burnout_Ultimate_Compilation_085.wav",1
"dataset\normal\normal_archive_(2)_Motocycles_BIKERS_100___Best_of_Superbikes_Sounds,_Wheelie_and_Burnout_Ultimate_Compilation_086_000.wav",normal,"archive_(2)_Motocycles_BIKERS_100___Best_of_Superbikes_Sounds,_Wheelie_and_Burnout_Ultimate_Compilation_086.wav",0
"dataset\normal\normal_archive_(2)_Motocycles_BIKERS_100___Best_of_Superbikes_Sounds,_Wheelie_and_Burnout_Ultimate_Compilation_087_000.wav",normal,"archive_(2)_Motocycles_BIKERS_100___Best_of_Superbikes_Sounds,_Wheelie_and_Burnout_Ultimate_Compilation_087.wav",4
"dataset\normal\normal_archive_(2)_Motocycles_BIKERS_100___Best_of_Superbikes_Sounds,_Wheelie_and_Burnout_Ultimate_Compilation_088_000.wav",normal,"archive_(2)_Motocycles_BIKERS_100___Best_of_Superbikes_Sounds,_Wheelie_and_Burnout_Ultimate_Compilation_088.wav",3
"dataset\normal\normal_archive_(2)_Motocycles_BIKERS_100___Best_of_Superbikes_Sounds,_Wheelie_and_Burnout_Ultimate_Compilation_089_000.wav",normal,"archive_(2)_Motocycles_BIKERS_100___Best_of_Superbikes_Sounds,_Wheelie_and_Burnout_Ultimate_Compilation_089.wav",1
"dataset\normal\normal_archive_(2)_Motocycles_BIKERS_100___Best_of_Superbikes_Sounds,_Wheelie_and_Burnout_Ultimate_Compilation_090_000.wav",normal,"archive_(2)_Motocycles_BIKERS_100___Best_of_Superbikes_Sounds,_Wheelie_and_Burnout_Ultimate_Compilation_090.wav",0
"dataset\normal\normal_archive_(2)_Motocycles_BIKERS_100___Best_of_Superbikes_Sounds,_Wheelie_and_Burnout_Ultimate_Compilation_091_000.wav",normal,"archive_(2)_Motocycles_BIKERS_100___Best_of_Superbikes_Sounds,_Wheelie_and_Burnout_Ultimate_Compilation_091.wav",3
"dataset\normal\normal_archive_(2)_Motocycles_BIKERS_100___Best_of_Superbikes_Sounds,_Wheelie_and_Burnout_Ultimate_Compilation_092_000.wav",normal,"archive_(2)_Motocycles_BIKERS_100___Best_of_Superbikes_Sounds,_Wheelie_and_Burnout_Ultimate_Compilation_092.wav",0
"dataset\normal\normal_archive_(2)_Motocycles_BIKERS_100___Best_of_Superbikes_Sounds,_Wheelie_and_Burnout_Ultimate_Compilation_093_000.wav",normal,"archive_(2)_Motocycles_BIKERS_100___Best_of_Superbikes_Sounds,_Wheelie_and_Burnout_Ultimate_Compilation_093.wav",0
"dataset\normal\normal_archive_(2)_Motocycles_BIKERS_100___Best_of_Superbikes_Sounds,_Wheelie_and_Burnout_Ultimate_Compilation_094_000.wav",normal,"archive_(2)_Motocycles_BIKERS_100___Best_of_Superbikes_Sounds,_Wheelie_and_Burnout_Ultimate_Compilation_094.wav",3
"dataset\normal\normal_archive_(2)_Motocycles_BIKERS_100___Best_of_Superbikes_Sounds,_Wheelie_and_Burnout_Ultimate_Compilation_095_000.wav",normal,"archive_(2)_Motocycles_BIKERS_100___Best_of_Superbikes_Sounds,_Wheelie_and_Burnout_Ultimate_Compilation_095.wav",3
"dataset\normal\normal_archive_(2)_Motocycles_BIKERS_100___Best_of_Superbikes_Sounds,_Wheelie_and_Burnout_Ultimate_Compilation_096_000.wav",normal,"archive_(2)_Motocycles_BIKERS_100___Best_of_Superbikes_Sounds,_Wheelie_and_Burnout_Ultimate_Compilation_096.wav",4
"dataset\normal\normal_archive_(2)_Motocycles_BIKERS_100___Best_of_Superbikes_Sounds,_Wheelie_and_Burnout_Ultimate_Compilation_097_000.wav",normal,"archive_(2)_Motocycles_BIKERS_100___Best_of_Superbikes_Sounds,_Wheelie_and_Burnout_Ultimate_Compilation_097.wav",2
"dataset\normal\normal_archive_(2)_Motocycles_BIKERS_100___Best_of_Superbikes_Sounds,_Wheelie_and_Burnout_Ultimate_Compilation_098_000.wav",normal,"archive_(2)_Motocycles_BIKERS_100___Best_of_Superbikes_Sounds,_Wheelie_and_Burnout_Ultimate_Compilation_098.wav",2
"dataset\normal\normal_archive_(2)_Motocycles_BIKERS_100___Best_of_Superbikes_Sounds,_Wheelie_and_Burnout_Ultimate_Compilation_099_000.wav",normal,"archive_(2)_Motocycles_BIKERS_100___Best_of_Superbikes_Sounds,_Wheelie_and_Burnout_Ultimate_Compilation_099.wav",4
"dataset\normal\normal_archive_(2)_Motocycles_BIKERS_100___Best_of_Superbikes_Sounds,_Wheelie_and_Burnout_Ultimate_Compilation_100_000.wav",normal,"archive_(2)_Motocycles_BIKERS_100___Best_of_Superbikes_Sounds,_Wheelie_and_Burnout_Ultimate_Compilation_100.wav",0
"dataset\normal\normal_archive_(2)_Motocycles_BIKERS_100___Best_of_Superbikes_Sounds,_Wheelie_and_Burnout_Ultimate_Compilation_101_000.wav",normal,"archive_(2)_Motocycles_BIKERS_100___Best_of_Superbikes_Sounds,_Wheelie_and_Burnout_Ultimate_Compilation_101.wav",2
"dataset\normal\normal_archive_(2)_Motocycles_BIKERS_100___Best_of_Superbikes_Sounds,_Wheelie_and_Burnout_Ultimate_Compilation_102_000.wav",normal,"archive_(2)_Motocycles_BIKERS_100___Best_of_Superbikes_Sounds,_Wheelie_and_Burnout_Ultimate_Compilation_102.wav",1
"dataset\normal\normal_archive_(2)_Motocycles_BIKERS_100___Best_of_Superbikes_Sounds,_Wheelie_and_Burnout_Ultimate_Compilation_103_000.wav",normal,"archive_(2)_Motocycles_BIKERS_100___Best_of_Superbikes_Sounds,_Wheelie_and_Burnout_Ultimate_Compilation_103.wav",4
"dataset\normal\normal_archive_(2)_Motocycles_BIKERS_100___Best_of_Superbikes_Sounds,_Wheelie_and_Burnout_Ultimate_Compilation_104_000.wav",normal,"archive_(2)_Motocycles_BIKERS_100___Best_of_Superbikes_Sounds,_Wheelie_and_Burnout_Ultimate_Compilation_104.wav",1
"dataset\normal\normal_archive_(2)_Motocycles_BIKERS_100___Best_of_Superbikes_Sounds,_Wheelie_and_Burnout_Ultimate_Compilation_105_000.wav",normal,"archive_(2)_Motocycles_BIKERS_100___Best_of_Superbikes_Sounds,_Wheelie_and_Burnout_Ultimate_Compilation_105.wav",2
"dataset\normal\normal_archive_(2)_Motocycles_BIKERS_100___Best_of_Superbikes_Sounds,_Wheelie_and_Burnout_Ultimate_Compilation_106_000.wav",normal,"archive_(2)_Motocycles_BIKERS_100___Best_of_Superbikes_Sounds,_Wheelie_and_Burnout_Ultimate_Compilation_106.wav",1
"dataset\normal\normal_archive_(2)_Motocycles_BIKERS_100___Best_of_Superbikes_Sounds,_Wheelie_and_Burnout_Ultimate_Compilation_107_000.wav",normal,"archive_(2)_Motocycles_BIKERS_100___Best_of_Superbikes_Sounds,_Wheelie_and_Burnout_Ultimate_Compilation_107.wav",3
"dataset\normal\normal_archive_(2)_Motocycles_BIKERS_100___Best_of_Superbikes_Sounds,_Wheelie_and_Burnout_Ultimate_Compilation_108_000.wav",normal,"archive_(2)_Motocycles_BIKERS_100___Best_of_Superbikes_Sounds,_Wheelie_and_Burnout_Ultimate_Compilation_108.wav",1
"dataset\normal\normal_archive_(2)_Motocycles_BIKERS_100___Best_of_Superbikes_Sounds,_Wheelie_and_Burnout_Ultimate_Compilation_109_000.wav",normal,"archive_(2)_Motocycles_BIKERS_100___Best_of_Superbikes_Sounds,_Wheelie_and_Burnout_Ultimate_Compilation_109.wav",0
"dataset\normal\normal_archive_(2)_Motocycles_BIKERS_100___Best_of_Superbikes_Sounds,_Wheelie_and_Burnout_Ultimate_Compilation_110_000.wav",normal,"archive_(2)_Motocycles_BIKERS_100___Best_of_Superbikes_Sounds,_Wheelie_and_Burnout_Ultimate_Compilation_110.wav",1
"dataset\normal\normal_archive_(2)_Motocycles_BIKERS_100___Best_of_Superbikes_Sounds,_Wheelie_and_Burnout_Ultimate_Compilation_111_000.wav",normal,"archive_(2)_Motocycles_BIKERS_100___Best_of_Superbikes_Sounds,_Wheelie_and_Burnout_Ultimate_Compilation_111.wav",0
"dataset\normal\normal_archive_(2)_Motocycles_BIKERS_100___Best_of_Superbikes_Sounds,_Wheelie_and_Burnout_Ultimate_Compilation_112_000.wav",normal,"archive_(2)_Motocycles_BIKERS_100___Best_of_Superbikes_Sounds,_Wheelie_and_Burnout_Ultimate_Compilation_112.wav",1
"dataset\normal\normal_archive_(2)_Motocycles_BIKERS_100___Best_of_Superbikes_Sounds,_Wheelie_and_Burnout_Ultimate_Compilation_113_000.wav",normal,"archive_(2)_Motocycles_BIKERS_100___Best_of_Superbikes_Sounds,_Wheelie_and_Burnout_Ultimate_Compilation_113.wav",0
"dataset\normal\normal_archive_(2)_Motocycles_BIKERS_100___Best_of_Superbikes_Sounds,_Wheelie_and_Burnout_Ultimate_Compilation_114_000.wav",normal,"archive_(2)_Motocycles_BIKERS_100___Best_of_Superbikes_Sounds,_Wheelie_and_Burnout_Ultimate_Compilation_114.wav",4
"dataset\normal\normal_archive_(2)_Motocycles_BIKERS_100___Best_of_Superbikes_Sounds,_Wheelie_and_Burnout_Ultimate_Compilation_115_000.wav",normal,"archive_(2)_Motocycles_BIKERS_100___Best_of_Superbikes_Sounds,_Wheelie_and_Burnout_Ultimate_Compilation_115.wav",0
"dataset\normal\normal_archive_(2)_Motocycles_BIKERS_100___Best_of_Superbikes_Sounds,_Wheelie_and_Burnout_Ultimate_Compilation_116_000.wav",normal,"archive_(2)_Motocycles_BIKERS_100___Best_of_Superbikes_Sounds,_Wheelie_and_Burnout_Ultimate_Compilation_116.wav",4
"dataset\normal\normal_archive_(2)_Motocycles_BIKERS_100___Best_of_Superbikes_Sounds,_Wheelie_and_Burnout_Ultimate_Compilation_117_000.wav",normal,"archive_(2)_Motocycles_BIKERS_100___Best_of_Superbikes_Sounds,_Wheelie_and_Burnout_Ultimate_Compilation_117.wav",2
"dataset\normal\normal_archive_(2)_Motocycles_BIKERS_100___Best_of_Superbikes_Sounds,_Wheelie_and_Burnout_Ultimate_Compilation_118_000.wav",normal,"archive_(2)_Motocycles_BIKERS_100___Best_of_Superbikes_Sounds,_Wheelie_and_Burnout_Ultimate_Compilation_118.wav",1
"dataset\normal\normal_archive_(2)_Motocycles_BIKERS_100___Best_of_Superbikes_Sounds,_Wheelie_and_Burnout_Ultimate_Compilation_119_000.wav",normal,"archive_(2)_Motocycles_BIKERS_100___Best_of_Superbikes_Sounds,_Wheelie_and_Burnout_Ultimate_Compilation_119.wav",1
"dataset\normal\normal_archive_(2)_Motocycles_BIKERS_100___Best_of_Superbikes_Sounds,_Wheelie_and_Burnout_Ultimate_Compilation_120_000.wav",normal,"archive_(2)_Motocycles_BIKERS_100___Best_of_Superbikes_Sounds,_Wheelie_and_Burnout_Ultimate_Compilation_120.wav",2
"dataset\normal\normal_archive_(2)_Motocycles_BIKERS_100___Best_of_Superbikes_Sounds,_Wheelie_and_Burnout_Ultimate_Compilation_121_000.wav",normal,"archive_(2)_Motocycles_BIKERS_100___Best_of_Superbikes_Sounds,_Wheelie_and_Burnout_Ultimate_Compilation_121.wav",0
"dataset\normal\normal_archive_(2)_Motocycles_BIKERS_100___Best_of_Superbikes_Sounds,_Wheelie_and_Burnout_Ultimate_Compilation_122_000.wav",normal,"archive_(2)_Motocycles_BIKERS_100___Best_of_Superbikes_Sounds,_Wheelie_and_Burnout_Ultimate_Compilation_122.wav",1
"dataset\normal\normal_archive_(2)_Motocycles_BIKERS_100___Best_of_Superbikes_Sounds,_Wheelie_and_Burnout_Ultimate_Compilation_123_000.wav",normal,"archive_(2)_Motocycles_BIKERS_100___Best_of_Superbikes_Sounds,_Wheelie_and_Burnout_Ultimate_Compilation_123.wav",2
"dataset\normal\normal_archive_(2)_Motocycles_BIKERS_100___Best_of_Superbikes_Sounds,_Wheelie_and_Burnout_Ultimate_Compilation_124_000.wav",normal,"archive_(2)_Motocycles_BIKERS_100___Best_of_Superbikes_Sounds,_Wheelie_and_Burnout_Ultimate_Compilation_124.wav",0
"dataset\normal\normal_archive_(2)_Motocycles_BIKERS_100___Best_of_Superbikes_Sounds,_Wheelie_and_Burnout_Ultimate_Compilation_125_000.wav",normal,"archive_(2)_Motocycles_BIKERS_100___Best_of_Superbikes_Sounds,_Wheelie_and_Burnout_Ultimate_Compilation_125.wav",2
"dataset\normal\normal_archive_(2)_Motocycles_BIKERS_100___Best_of_Superbikes_Sounds,_Wheelie_and_Burnout_Ultimate_Compilation_126_000.wav",normal,"archive_(2)_Motocycles_BIKERS_100___Best_of_Superbikes_Sounds,_Wheelie_and_Burnout_Ultimate_Compilation_126.wav",1
"dataset\normal\normal_archive_(2)_Motocycles_BIKERS_100___Best_of_Superbikes_Sounds,_Wheelie_and_Burnout_Ultimate_Compilation_127_000.wav",normal,"archive_(2)_Motocycles_BIKERS_100___Best_of_Superbikes_Sounds,_Wheelie_and_Burnout_Ultimate_Compilation_127.wav",1
"dataset\normal\normal_archive_(2)_Motocycles_BIKERS_100___Best_of_Superbikes_Sounds,_Wheelie_and_Burnout_Ultimate_Compilation_128_000.wav",normal,"archive_(2)_Motocycles_BIKERS_100___Best_of_Superbikes_Sounds,_Wheelie_and_Burnout_Ultimate_Compilation_128.wav",2
"dataset\normal\normal_archive_(2)_Motocycles_BIKERS_100___Best_of_Superbikes_Sounds,_Wheelie_and_Burnout_Ultimate_Compilation_129_000.wav",normal,"archive_(2)_Motocycles_BIKERS_100___Best_of_Superbikes_Sounds,_Wheelie_and_Burnout_Ultimate_Compilation_129.wav",1
"dataset\normal\normal_archive_(2)_Motocycles_BIKERS_100___Best_of_Superbikes_Sounds,_Wheelie_and_Burnout_Ultimate_Compilation_130_000.wav",normal,"archive_(2)_Motocycles_BIKERS_100___Best_of_Superbikes_Sounds,_Wheelie_and_Burnout_Ultimate_Compilation_130.wav",4
"dataset\normal\normal_archive_(2)_Motocycles_BIKERS_100___Best_of_Superbikes_Sounds,_Wheelie_and_Burnout_Ultimate_Compilation_131_000.wav",normal,"archive_(2)_Motocycles_BIKERS_100___Best_of_Superbikes_Sounds,_Wheelie_and_Burnout_Ultimate_Compilation_131.wav",1
"dataset\normal\normal_archive_(2)_Motocycles_BIKERS_100___Best_of_Superbikes_Sounds,_Wheelie_and_Burnout_Ultimate_Compilation_132_000.wav",normal,"archive_(2)_Motocycles_BIKERS_100___Best_of_Superbikes_Sounds,_Wheelie_and_Burnout_Ultimate_Compilation_132.wav",2
"dataset\normal\normal_archive_(2)_Motocycles_BIKERS_100___Best_of_Superbikes_Sounds,_Wheelie_and_Burnout_Ultimate_Compilation_133_000.wav",normal,"archive_(2)_Motocycles_BIKERS_100___Best_of_Superbikes_Sounds,_Wheelie_and_Burnout_Ultimate_Compilation_133.wav",0
"dataset\normal\normal_archive_(2)_Motocycles_BIKERS_100___Best_of_Superbikes_Sounds,_Wheelie_and_Burnout_Ultimate_Compilation_134_000.wav",normal,"archive_(2)_Motocycles_BIKERS_100___Best_of_Superbikes_Sounds,_Wheelie_and_Burnout_Ultimate_Compilation_134.wav",3
"dataset\normal\normal_archive_(2)_Motocycles_BIKERS_100___Best_of_Superbikes_Sounds,_Wheelie_and_Burnout_Ultimate_Compilation_135_000.wav",normal,"archive_(2)_Motocycles_BIKERS_100___Best_of_Superbikes_Sounds,_Wheelie_and_Burnout_Ultimate_Compilation_135.wav",4
"dataset\normal\normal_archive_(2)_Motocycles_BIKERS_100___Best_of_Superbikes_Sounds,_Wheelie_and_Burnout_Ultimate_Compilation_136_000.wav",normal,"archive_(2)_Motocycles_BIKERS_100___Best_of_Superbikes_Sounds,_Wheelie_and_Burnout_Ultimate_Compilation_136.wav",1
"dataset\normal\normal_archive_(2)_Motocycles_BIKERS_100___Best_of_Superbikes_Sounds,_Wheelie_and_Burnout_Ultimate_Compilation_137_000.wav",normal,"archive_(2)_Motocycles_BIKERS_100___Best_of_Superbikes_Sounds,_Wheelie_and_Burnout_Ultimate_Compilation_137.wav",1
"dataset\normal\normal_archive_(2)_Motocycles_BIKERS_100___Best_of_Superbikes_Sounds,_Wheelie_and_Burnout_Ultimate_Compilation_138_000.wav",normal,"archive_(2)_Motocycles_BIKERS_100___Best_of_Superbikes_Sounds,_Wheelie_and_Burnout_Ultimate_Compilation_138.wav",2
"dataset\normal\normal_archive_(2)_Motocycles_BIKERS_100___Best_of_Superbikes_Sounds,_Wheelie_and_Burnout_Ultimate_Compilation_139_000.wav",normal,"archive_(2)_Motocycles_BIKERS_100___Best_of_Superbikes_Sounds,_Wheelie_and_Burnout_Ultimate_Compilation_139.wav",4
"dataset\normal\normal_archive_(2)_Motocycles_BIKERS_100___Best_of_Superbikes_Sounds,_Wheelie_and_Burnout_Ultimate_Compilation_140_000.wav",normal,"archive_(2)_Motocycles_BIKERS_100___Best_of_Superbikes_Sounds,_Wheelie_and_Burnout_Ultimate_Compilation_140.wav",2
"dataset\normal\normal_archive_(2)_Motocycles_BIKERS_100___Best_of_Superbikes_Sounds,_Wheelie_and_Burnout_Ultimate_Compilation_141_000.wav",normal,"archive_(2)_Motocycles_BIKERS_100___Best_of_Superbikes_Sounds,_Wheelie_and_Burnout_Ultimate_Compilation_141.wav",4
"dataset\normal\normal_archive_(2)_Motocycles_BIKERS_100___Best_of_Superbikes_Sounds,_Wheelie_and_Burnout_Ultimate_Compilation_142_000.wav",normal,"archive_(2)_Motocycles_BIKERS_100___Best_of_Superbikes_Sounds,_Wheelie_and_Burnout_Ultimate_Compilation_142.wav",4
"dataset\normal\normal_archive_(2)_Motocycles_BIKERS_100___Best_of_Superbikes_Sounds,_Wheelie_and_Burnout_Ultimate_Compilation_143_000.wav",normal,"archive_(2)_Motocycles_BIKERS_100___Best_of_Superbikes_Sounds,_Wheelie_and_Burnout_Ultimate_Compilation_143.wav",1
"dataset\normal\normal_archive_(2)_Motocycles_BIKERS_100___Best_of_Superbikes_Sounds,_Wheelie_and_Burnout_Ultimate_Compilation_144_000.wav",normal,"archive_(2)_Motocycles_BIKERS_100___Best_of_Superbikes_Sounds,_Wheelie_and_Burnout_Ultimate_Compilation_144.wav",0
"dataset\normal\normal_archive_(2)_Motocycles_BIKERS_100___Best_of_Superbikes_Sounds,_Wheelie_and_Burnout_Ultimate_Compilation_145_000.wav",normal,"archive_(2)_Motocycles_BIKERS_100___Best_of_Superbikes_Sounds,_Wheelie_and_Burnout_Ultimate_Compilation_145.wav",0
"dataset\normal\normal_archive_(2)_Motocycles_BIKERS_100___Best_of_Superbikes_Sounds,_Wheelie_and_Burnout_Ultimate_Compilation_146_000.wav",normal,"archive_(2)_Motocycles_BIKERS_100___Best_of_Superbikes_Sounds,_Wheelie_and_Burnout_Ultimate_Compilation_146.wav",1
"dataset\normal\normal_archive_(2)_Motocycles_BIKERS_100___Best_of_Superbikes_Sounds,_Wheelie_and_Burnout_Ultimate_Compilation_147_000.wav",normal,"archive_(2)_Motocycles_BIKERS_100___Best_of_Superbikes_Sounds,_Wheelie_and_Burnout_Ultimate_Compilation_147.wav",0
"dataset\normal\normal_archive_(2)_Motocycles_BIKERS_100___Best_of_Superbikes_Sounds,_Wheelie_and_Burnout_Ultimate_Compilation_148_000.wav",normal,"archive_(2)_Motocycles_BIKERS_100___Best_of_Superbikes_Sounds,_Wheelie_and_Burnout_Ultimate_Compilation_148.wav",4
"dataset\normal\normal_archive_(2)_Motocycles_BIKERS_100___Best_of_Superbikes_Sounds,_Wheelie_and_Burnout_Ultimate_Compilation_149_000.wav",normal,"archive_(2)_Motocycles_BIKERS_100___Best_of_Superbikes_Sounds,_Wheelie_and_Burnout_Ultimate_Compilation_149.wav",1
"dataset\normal\normal_archive_(2)_Motocycles_BIKERS_100___Best_of_Superbikes_Sounds,_Wheelie_and_Burnout_Ultimate_Compilation_150_000.wav",normal,"archive_(2)_Motocycles_BIKERS_100___Best_of_Superbikes_Sounds,_Wheelie_and_Burnout_Ultimate_Compilation_150.wav",3
dataset\normal\normal_sounds_traffic_sound_401_000.wav,normal,sounds_traffic_sound_401.wav,2
dataset\normal\normal_sounds_traffic_sound_402_000.wav,normal,sounds_traffic_sound_402.wav,1
dataset\normal\normal_sounds_traffic_sound_403_000.wav,normal,sounds_traffic_sound_403.wav,3
dataset\normal\normal_sounds_traffic_sound_404_000.wav,normal,sounds_traffic_sound_404.wav,0
dataset\normal\normal_sounds_traffic_sound_405_000.wav,normal,sounds_traffic_sound_405.wav,1
dataset\normal\normal_sounds_traffic_sound_406_000.wav,normal,sounds_traffic_sound_406.wav,4
dataset\normal\normal_sounds_traffic_sound_407_000.wav,normal,sounds_traffic_sound_407.wav,2
dataset\normal\normal_sounds_traffic_sound_408_000.wav,normal,sounds_traffic_sound_408.wav,4
dataset\normal\normal_sounds_traffic_sound_409_000.wav,normal,sounds_traffic_sound_409.wav,4
dataset\normal\normal_sounds_traffic_sound_410_000.wav,normal,sounds_traffic_sound_410.wav,3
dataset\normal\normal_sounds_traffic_sound_411_000.wav,normal,sounds_traffic_sound_411.wav,2
dataset\normal\normal_sounds_traffic_sound_412_000.wav,normal,sounds_traffic_sound_412.wav,1
dataset\normal\normal_sounds_traffic_sound_413_000.wav,normal,sounds_traffic_sound_413.wav,0
dataset\normal\normal_sounds_traffic_sound_414_000.wav,normal,sounds_traffic_sound_414.wav,0
dataset\normal\normal_sounds_traffic_sound_415_000.wav,normal,sounds_traffic_sound_415.wav,0
dataset\normal\normal_sounds_traffic_sound_416_000.wav,normal,sounds_traffic_sound_416.wav,4
dataset\normal\normal_sounds_traffic_sound_417_000.wav,normal,sounds_traffic_sound_417.wav,1
dataset\normal\normal_sounds_traffic_sound_418_000.wav,normal,sounds_traffic_sound_418.wav,4
dataset\normal\normal_sounds_traffic_sound_419_000.wav,normal,sounds_traffic_sound_419.wav,4
dataset\normal\normal_sounds_traffic_sound_420_000.wav,normal,sounds_traffic_sound_420.wav,1
dataset\normal\normal_sounds_traffic_sound_421_000.wav,normal,sounds_traffic_sound_421.wav,4
dataset\normal\normal_sounds_traffic_sound_422_000.wav,normal,sounds_traffic_sound_422.wav,4
dataset\normal\normal_sounds_traffic_sound_423_000.wav,normal,sounds_traffic_sound_423.wav,0
dataset\normal\normal_sounds_traffic_sound_424_000.wav,normal,sounds_traffic_sound_424.wav,4
dataset\normal\normal_sounds_traffic_sound_425_000.wav,normal,sounds_traffic_sound_425.wav,0
dataset\normal\normal_sounds_traffic_sound_426_000.wav,normal,sounds_traffic_sound_426.wav,4
dataset\normal\normal_sounds_traffic_sound_427_000.wav,normal,sounds_traffic_sound_427.wav,2
dataset\normal\normal_sounds_traffic_sound_428_000.wav,normal,sounds_traffic_sound_428.wav,2
dataset\normal\normal_sounds_traffic_sound_429_000.wav,normal,sounds_traffic_sound_429.wav,1
dataset\normal\normal_sounds_traffic_sound_430_000.wav,normal,sounds_traffic_sound_430.wav,1
dataset\normal\normal_sounds_traffic_sound_431_000.wav,normal,sounds_traffic_sound_431.wav,1
dataset\normal\normal_sounds_traffic_sound_432_000.wav,normal,sounds_traffic_sound_432.wav,0
dataset\normal\normal_sounds_traffic_sound_433_000.wav,normal,sounds_traffic_sound_433.wav,0
dataset\normal\normal_sounds_traffic_sound_434_000.wav,normal,sounds_traffic_sound_434.wav,2
dataset\normal\normal_sounds_traffic_sound_435_000.wav,normal,sounds_traffic_sound_435.wav,1
dataset\normal\normal_sounds_traffic_sound_436_000.wav,normal,sounds_traffic_sound_436.wav,1
dataset\normal\normal_sounds_traffic_sound_437_000.wav,normal,sounds_traffic_sound_437.wav,2
dataset\normal\normal_sounds_traffic_sound_438_000.wav,normal,sounds_traffic_sound_438.wav,1
dataset\normal\normal_sounds_traffic_sound_439_000.wav,normal,sounds_traffic_sound_439.wav,3
dataset\normal\normal_sounds_traffic_sound_440_000.wav,normal,sounds_traffic_sound_440.wav,0
dataset\normal\normal_sounds_traffic_sound_441_000.wav,normal,sounds_traffic_sound_441.wav,3
dataset\normal\normal_sounds_traffic_sound_442_000.wav,normal,sounds_traffic_sound_442.wav,2
dataset\normal\normal_sounds_traffic_sound_443_000.wav,normal,sounds_traffic_sound_443.wav,4
dataset\normal\normal_sounds_traffic_sound_444_000.wav,normal,sounds_traffic_sound_444.wav,4
dataset\normal\normal_sounds_traffic_sound_445_000.wav,normal,sounds_traffic_sound_445.wav,1
dataset\normal\normal_sounds_traffic_sound_446_000.wav,normal,sounds_traffic_sound_446.wav,3
dataset\normal\normal_sounds_traffic_sound_447_000.wav,normal,sounds_traffic_sound_447.wav,4
dataset\normal\normal_sounds_traffic_sound_448_000.wav,normal,sounds_traffic_sound_448.wav,0
dataset\normal\normal_sounds_traffic_sound_449_000.wav,normal,sounds_traffic_sound_449.wav,3
dataset\normal\normal_sounds_traffic_sound_450_000.wav,normal,sounds_traffic_sound_450.wav,3
dataset\normal\normal_sounds_traffic_sound_451_000.wav,normal,sounds_traffic_sound_451.wav,0
dataset\normal\normal_sounds_traffic_sound_452_000.wav,normal,sounds_traffic_sound_452.wav,3
dataset\normal\normal_sounds_traffic_sound_453_000.wav,normal,sounds_traffic_sound_453.wav,0
dataset\normal\normal_sounds_traffic_sound_454_000.wav,normal,sounds_traffic_sound_454.wav,0
dataset\normal\normal_sounds_traffic_sound_455_000.wav,normal,sounds_traffic_sound_455.wav,1
dataset\normal\normal_sounds_traffic_sound_456_000.wav,normal,sounds_traffic_sound_456.wav,3
dataset\normal\normal_sounds_traffic_sound_457_000.wav,normal,sounds_traffic_sound_457.wav,1
dataset\normal\normal_sounds_traffic_sound_458_000.wav,normal,sounds_traffic_sound_458.wav,3
dataset\normal\normal_sounds_traffic_sound_459_000.wav,normal,sounds_traffic_sound_459.wav,1
dataset\normal\normal_sounds_traffic_sound_460_000.wav,normal,sounds_traffic_sound_460.wav,1
dataset\normal\normal_sounds_traffic_sound_461_000.wav,normal,sounds_traffic_sound_461.wav,4
dataset\normal\normal_sounds_traffic_sound_462_000.wav,normal,sounds_traffic_sound_462.wav,4
dataset\normal\normal_sounds_traffic_sound_463_000.wav,normal,sounds_traffic_sound_463.wav,0
dataset\normal\normal_sounds_traffic_sound_464_000.wav,normal,sounds_traffic_sound_464.wav,1
dataset\normal\normal_sounds_traffic_sound_465_000.wav,normal,sounds_traffic_sound_465.wav,2
dataset\normal\normal_sounds_traffic_sound_466_000.wav,normal,sounds_traffic_sound_466.wav,3
dataset\normal\normal_sounds_traffic_sound_467_000.wav,normal,sounds_traffic_sound_467.wav,2
dataset\normal\normal_sounds_traffic_sound_468_000.wav,normal,sounds_traffic_sound_468.wav,3
dataset\normal\normal_sounds_traffic_sound_469_000.wav,normal,sounds_traffic_sound_469.wav,2
dataset\normal\normal_sounds_traffic_sound_470_000.wav,normal,sounds_traffic_sound_470.wav,1
dataset\normal\normal_sounds_traffic_sound_471_000.wav,normal,sounds_traffic_sound_471.wav,0
dataset\normal\normal_sounds_traffic_sound_472_000.wav,normal,sounds_traffic_sound_472.wav,2
dataset\normal\normal_sounds_traffic_sound_473_000.wav,normal,sounds_traffic_sound_473.wav,4
dataset\normal\normal_sounds_traffic_sound_474_000.wav,normal,sounds_traffic_sound_474.wav,0
dataset\normal\normal_sounds_traffic_sound_475_000.wav,normal,sounds_traffic_sound_475.wav,4
dataset\normal\normal_sounds_traffic_sound_476_000.wav,normal,sounds_traffic_sound_476.wav,3
dataset\normal\normal_sounds_traffic_sound_477_000.wav,normal,sounds_traffic_sound_477.wav,0
dataset\normal\normal_sounds_traffic_sound_478_000.wav,normal,sounds_traffic_sound_478.wav,0
dataset\normal\normal_sounds_traffic_sound_479_000.wav,normal,sounds_traffic_sound_479.wav,0
dataset\normal\normal_sounds_traffic_sound_480_000.wav,normal,sounds_traffic_sound_480.wav,2
dataset\normal\normal_sounds_traffic_sound_481_000.wav,normal,sounds_traffic_sound_481.wav,4
dataset\normal\normal_sounds_traffic_sound_482_000.wav,normal,sounds_traffic_sound_482.wav,2
dataset\normal\normal_sounds_traffic_sound_483_000.wav,normal,sounds_traffic_sound_483.wav,2
dataset\normal\normal_sounds_traffic_sound_484_000.wav,normal,sounds_traffic_sound_484.wav,3
dataset\normal\normal_sounds_traffic_sound_485_000.wav,normal,sounds_traffic_sound_485.wav,2
dataset\normal\normal_sounds_traffic_sound_486_000.wav,normal,sounds_traffic_sound_486.wav,3
dataset\normal\normal_sounds_traffic_sound_487_000.wav,normal,sounds_traffic_sound_487.wav,1
dataset\normal\normal_sounds_traffic_sound_488_000.wav,normal,sounds_traffic_sound_488.wav,1
dataset\normal\normal_sounds_traffic_sound_489_000.wav,normal,sounds_traffic_sound_489.wav,0
dataset\normal\normal_sounds_traffic_sound_490_000.wav,normal,sounds_traffic_sound_490.wav,4
dataset\normal\normal_sounds_traffic_sound_491_000.wav,normal,sounds_traffic_sound_491.wav,3
dataset\normal\normal_sounds_traffic_sound_492_000.wav,normal,sounds_traffic_sound_492.wav,0
dataset\normal\normal_sounds_traffic_sound_493_000.wav,normal,sounds_traffic_sound_493.wav,1
dataset\normal\normal_sounds_traffic_sound_494_000.wav,normal,sounds_traffic_sound_494.wav,3
dataset\normal\normal_sounds_traffic_sound_495_000.wav,normal,sounds_traffic_sound_495.wav,3
dataset\normal\normal_sounds_traffic_sound_496_000.wav,normal,sounds_traffic_sound_496.wav,1
dataset\normal\normal_sounds_traffic_sound_497_000.wav,normal,sounds_traffic_sound_497.wav,1
dataset\normal\normal_sounds_traffic_sound_498_000.wav,normal,sounds_traffic_sound_498.wav,3
dataset\normal\normal_sounds_traffic_sound_499_000.wav,normal,sounds_traffic_sound_499.wav,2
dataset\normal\normal_sounds_traffic_sound_500_000.wav,normal,sounds_traffic_sound_500.wav,1
dataset\normal\normal_sounds_traffic_sound_501_000.wav,normal,sounds_traffic_sound_501.wav,2
dataset\normal\normal_sounds_traffic_sound_502_000.wav,normal,sounds_traffic_sound_502.wav,3
dataset\normal\normal_sounds_traffic_sound_503_000.wav,normal,sounds_traffic_sound_503.wav,3
dataset\normal\normal_sounds_traffic_sound_504_000.wav,normal,sounds_traffic_sound_504.wav,4
dataset\normal\normal_sounds_traffic_sound_505_000.wav,normal,sounds_traffic_sound_505.wav,4
dataset\normal\normal_sounds_traffic_sound_506_000.wav,normal,sounds_traffic_sound_506.wav,1
dataset\normal\normal_sounds_traffic_sound_507_000.wav,normal,sounds_traffic_sound_507.wav,1
dataset\normal\normal_sounds_traffic_sound_508_000.wav,normal,sounds_traffic_sound_508.wav,2
dataset\normal\normal_sounds_traffic_sound_509_000.wav,normal,sounds_traffic_sound_509.wav,4
dataset\normal\normal_sounds_traffic_sound_510_000.wav,normal,sounds_traffic_sound_510.wav,3
dataset\normal\normal_sounds_traffic_sound_511_000.wav,normal,sounds_traffic_sound_511.wav,0
dataset\normal\normal_sounds_traffic_sound_512_000.wav,normal,sounds_traffic_sound_512.wav,0
dataset\normal\normal_sounds_traffic_sound_513_000.wav,normal,sounds_traffic_sound_513.wav,4
dataset\normal\normal_sounds_traffic_sound_514_000.wav,normal,sounds_traffic_sound_514.wav,2
dataset\normal\normal_sounds_traffic_sound_515_000.wav,normal,sounds_traffic_sound_515.wav,1
dataset\normal\normal_sounds_traffic_sound_516_000.wav,normal,sounds_traffic_sound_516.wav,3
dataset\normal\normal_sounds_traffic_sound_517_000.wav,normal,sounds_traffic_sound_517.wav,0
dataset\normal\normal_sounds_traffic_sound_518_000.wav,normal,sounds_traffic_sound_518.wav,4
dataset\normal\normal_sounds_traffic_sound_519_000.wav,normal,sounds_traffic_sound_519.wav,2
dataset\normal\normal_sounds_traffic_sound_520_000.wav,normal,sounds_traffic_sound_520.wav,0
dataset\normal\normal_sounds_traffic_sound_521_000.wav,normal,sounds_traffic_sound_521.wav,1
dataset\normal\normal_sounds_traffic_sound_522_000.wav,normal,sounds_traffic_sound_522.wav,1
dataset\normal\normal_sounds_traffic_sound_523_000.wav,normal,sounds_traffic_sound_523.wav,0
dataset\normal\normal_sounds_traffic_sound_524_000.wav,normal,sounds_traffic_sound_524.wav,3
dataset\normal\normal_sounds_traffic_sound_525_000.wav,normal,sounds_traffic_sound_525.wav,4
dataset\normal\normal_sounds_traffic_sound_526_000.wav,normal,sounds_traffic_sound_526.wav,0
dataset\normal\normal_sounds_traffic_sound_527_000.wav,normal,sounds_traffic_sound_527.wav,3
dataset\normal\normal_sounds_traffic_sound_528_000.wav,normal,sounds_traffic_sound_528.wav,2
dataset\normal\normal_sounds_traffic_sound_529_000.wav,normal,sounds_traffic_sound_529.wav,1
dataset\normal\normal_sounds_traffic_sound_530_000.wav,normal,sounds_traffic_sound_530.wav,0
dataset\normal\normal_sounds_traffic_sound_531_000.wav,normal,sounds_traffic_sound_531.wav,4
dataset\normal\normal_sounds_traffic_sound_532_000.wav,normal,sounds_traffic_sound_532.wav,2
dataset\normal\normal_sounds_traffic_sound_533_000.wav,normal,sounds_traffic_sound_533.wav,3
dataset\normal\normal_sounds_traffic_sound_534_000.wav,normal,sounds_traffic_sound_534.wav,1
dataset\normal\normal_sounds_traffic_sound_535_000.wav,normal,sounds_traffic_sound_535.wav,2
dataset\normal\normal_sounds_traffic_sound_536_000.wav,normal,sounds_traffic_sound_536.wav,1
dataset\normal\normal_sounds_traffic_sound_537_000.wav,normal,sounds_traffic_sound_537.wav,2
dataset\normal\normal_sounds_traffic_sound_538_000.wav,normal,sounds_traffic_sound_538.wav,2
dataset\normal\normal_sounds_traffic_sound_539_000.wav,normal,sounds_traffic_sound_539.wav,0
dataset\normal\normal_sounds_traffic_sound_540_000.wav,normal,sounds_traffic_sound_540.wav,4
dataset\normal\normal_sounds_traffic_sound_541_000.wav,normal,sounds_traffic_sound_541.wav,3
dataset\normal\normal_sounds_traffic_sound_542_000.wav,normal,sounds_traffic_sound_542.wav,3
dataset\normal\normal_sounds_traffic_sound_543_000.wav,normal,sounds_traffic_sound_543.wav,4
dataset\normal\normal_sounds_traffic_sound_544_000.wav,normal,sounds_traffic_sound_544.wav,1
dataset\normal\normal_sounds_traffic_sound_545_000.wav,normal,sounds_traffic_sound_545.wav,2
dataset\normal\normal_sounds_traffic_sound_546_000.wav,normal,sounds_traffic_sound_546.wav,1
dataset\normal\normal_sounds_traffic_sound_547_000.wav,normal,sounds_traffic_sound_547.wav,2
dataset\normal\normal_sounds_traffic_sound_548_000.wav,normal,sounds_traffic_sound_548.wav,2
dataset\normal\normal_sounds_traffic_sound_549_000.wav,normal,sounds_traffic_sound_549.wav,2
dataset\normal\normal_sounds_traffic_sound_550_000.wav,normal,sounds_traffic_sound_550.wav,3
